loinc_num,component,property,time_aspct,system,scale_typ,method_typ,class,status,long_common_name,relatednames2,paneltype,method_class
100972-9,Influenza virus A & Influenza virus B & SARS coronavirus 2 RNA panel,-,Pt,Nose,-,Non-probe.amp.tar,PANEL.MICRO,ACTIVE,Influenza virus A and Influenza virus B and SARS coronavirus 2 RNA panel - Nose by NAA with non-probe detection,2019 Novel Coronavirus; 2019-nCoV; 3 Self-Sustaining Sequence Replication; 3SR SR; Amplif; Amplification; Amplified; Avian influenza; Bird flu; Corona virus; COVID19; COVID-19; DNA NUCLEIC ACID PROBE; DNA probe; FLUA; FLUABV + SARS-CoV-2; FLUABV+SARS-CoV-2 RNA Pnl; FLUAV; FLUB; FLUBV; FLUV; Fowl plague; II; Influ; Influenza A; Influenza A virus; Influenza B; Influenza B virus; LAT; LCR; Ligase chain reaction; Ligation-activated transcription; Microbiology; NAA+non-probe; NAA+probe; NAAT; Nasal; NASBA; Nos; Nose (nasal passage); Nucleic acid sequence based analysis; Pan; PANEL.MICROBIOLOGY; Panl; PCR; Pnl; Point in time; Polymerase chain reaction; Probe amp; Probe with ampification; Probe with target amplification; QBR; Random; Ribonucleic acid; SARS Coronavirus 1; SARS-CoV; SARS-CoV-1; SARS-CoV-2; SARS-CoV-2 RNA Pnl; SDA; Severe Acute Respiratory Syndrome; Smell; Strand Displacement Amplification; TMA; Transcription mediated amplification; Viral Pneumonias; Wuhan coronavirus,Panel,naat
100973-7,Influenza virus A RNA,PrThr,Pt,Nose,Ord,Non-probe.amp.tar,MICRO,ACTIVE,Influenza virus A RNA [Presence] in Nose by NAA with non-probe detection,3 Self-Sustaining Sequence Replication; 3SR SR; Amplif; Amplification; Amplified; Avian influenza; Bird flu; DNA NUCLEIC ACID PROBE; DNA probe; FLUA; FLUAV; FLUV; Fowl plague; Influ; Influenza A; Influenza A virus; LAT; LCR; Ligase chain reaction; Ligation-activated transcription; Microbiology; NAA+non-probe; NAA+probe; NAAT; Nasal; NASBA; Nos; Nose (nasal passage); Nucleic acid sequence based analysis; Ordinal; PCR; Point in time; Polymerase chain reaction; PR; Probe amp; Probe with ampification; Probe with target amplification; QBR; QL; Qual; Qualitative; Random; Ribonucleic acid; Screen; SDA; Smell; Strand Displacement Amplification; TMA; Transcription mediated amplification,,naat
100974-5,Influenza virus B RNA,PrThr,Pt,Nose,Ord,Non-probe.amp.tar,MICRO,ACTIVE,Influenza virus B RNA [Presence] in Nose by NAA with non-probe detection,3 Self-Sustaining Sequence Replication; 3SR SR; Amplif; Amplification; Amplified; DNA NUCLEIC ACID PROBE; DNA probe; FLUB; FLUBV; FLUV; Influ; Influenza B; Influenza B virus; LAT; LCR; Ligase chain reaction; Ligation-activated transcription; Microbiology; NAA+non-probe; NAA+probe; NAAT; Nasal; NASBA; Nos; Nose (nasal passage); Nucleic acid sequence based analysis; Ordinal; PCR; Point in time; Polymerase chain reaction; PR; Probe amp; Probe with ampification; Probe with target amplification; QBR; QL; Qual; Qualitative; Random; Ribonucleic acid; Screen; SDA; Smell; Strand Displacement Amplification; TMA; Transcription mediated amplification,,naat
101284-8,Bordetella pertussis DNA,PrThr,Pt,Nph,Ord,Non-probe.amp.tar,MICRO,ACTIVE,Bordetella pertussis DNA [Presence] in Nasopharynx by NAA with non-probe detection,3 Self-Sustaining Sequence Replication; 3SR SR; Amplif; Amplification; Amplified; B pert; B pertussis; Deoxyribonucleic acid; DNA NUCLEIC ACID PROBE; DNA probe; LAT; LCR; Ligase chain reaction; Ligation-activated transcription; Microbiology; NAA+non-probe; NAA+probe; NAAT; NASBA; Nasopharynx; Nucleic acid sequence based analysis; Ordinal; PCR; Pertussis; Point in time; Polymerase chain reaction; PR; Probe amp; Probe with ampification; Probe with target amplification; QBR; QL; Qual; Qualitative; Random; Screen; SDA; Strand Displacement Amplification; TMA; Transcription mediated amplification; Whooping cough,,naat
103559-1,Rhinovirus RNA,PrThr,Pt,Nph,Ord,Non-probe.amp.tar,MICRO,ACTIVE,Rhinovirus RNA [Presence] in Nasopharynx by NAA with non-probe detection,3 Self-Sustaining Sequence Replication; 3SR SR; Amplif; Amplification; Amplified; DNA NUCLEIC ACID PROBE; DNA probe; HRV; LAT; LCR; Ligase chain reaction; Ligation-activated transcription; Microbiology; NAA+non-probe; NAA+probe; NAAT; NASBA; Nasopharynx; Nucleic acid sequence based analysis; Ordinal; PCR; Point in time; Polymerase chain reaction; PR; Probe amp; Probe with ampification; Probe with target amplification; QBR; QL; Qual; Qualitative; Random; Rhino virus; RHV; Ribonucleic acid; Screen; SDA; Strand Displacement Amplification; TMA; Transcription mediated amplification,,naat
43913-3,Bordetella pertussis DNA,PrThr,Pt,Nph,Ord,Probe.amp.tar,MICRO,ACTIVE,Bordetella pertussis DNA [Presence] in Nasopharynx by NAA with probe detection,3 Self-Sustaining Sequence Replication; 3SR SR; Amplif; Amplification; Amplified; B pert; B pertussis; Deoxyribonucleic acid; DNA NUCLEIC ACID PROBE; DNA probe; ID; Infectious Disease; InfectiousDisease; LAT; LCR; Ligase chain reaction; Ligation-activated transcription; Microbiology; NAA+probe; NAAT; NASBA; Nasopharynx; Nucleic acid sequence based analysis; Ordinal; PCR; Pertussis; Point in time; Polymerase chain reaction; PR; Probe amp; Probe with ampification; Probe with target amplification; QBR; QL; Qual; Qualitative; Random; Screen; SDA; Strand Displacement Amplification; TMA; Transcription mediated amplification; Whooping cough,,naat
76070-2,Adenovirus DNA,PrThr,Pt,Nph,Ord,Probe.amp.tar,MICRO,ACTIVE,Adenovirus DNA [Presence] in Nasopharynx by NAA with probe detection,3 Self-Sustaining Sequence Replication; 3SR SR; Adeno virus; Amplif; Amplification; Amplified; Deoxyribonucleic acid; DNA NUCLEIC ACID PROBE; DNA probe; HAdV; ID; Infectious Disease; InfectiousDisease; LAT; LCR; Ligase chain reaction; Ligation-activated transcription; Microbiology; NAA+probe; NAAT; NASBA; Nasopharynx; Nucleic acid sequence based analysis; Ordinal; PCR; Point in time; Polymerase chain reaction; PR; Probe amp; Probe with ampification; Probe with target amplification; QBR; QL; Qual; Qualitative; Random; Screen; SDA; Strand Displacement Amplification; TMA; Transcription mediated amplification,,naat
76078-5,Influenza virus A RNA,PrThr,Pt,Nph,Ord,Probe.amp.tar,MICRO,ACTIVE,Influenza virus A RNA [Presence] in Nasopharynx by NAA with probe detection,3 Self-Sustaining Sequence Replication; 3SR SR; Amplif; Amplification; Amplified; Avian influenza; Bird flu; DNA NUCLEIC ACID PROBE; DNA probe; FLUA; FLUAV; FLUV; Fowl plague; ID; Infectious Disease; InfectiousDisease; Influ; Influenza A; Influenza A virus; LAT; LCR; Ligase chain reaction; Ligation-activated transcription; Microbiology; NAA+probe; NAAT; NASBA; Nasopharynx; Nucleic acid sequence based analysis; Ordinal; PCR; Point in time; Polymerase chain reaction; PR; Probe amp; Probe with ampification; Probe with target amplification; QBR; QL; Qual; Qualitative; Random; Ribonucleic acid; Screen; SDA; Strand Displacement Amplification; TMA; Transcription mediated amplification,,naat
76080-1,Influenza virus B RNA,PrThr,Pt,Nph,Ord,Probe.amp.tar,MICRO,ACTIVE,Influenza virus B RNA [Presence] in Nasopharynx by NAA with probe detection,3 Self-Sustaining Sequence Replication; 3SR SR; Amplif; Amplification; Amplified; DNA NUCLEIC ACID PROBE; DNA probe; FLUB; FLUBV; FLUV; ID; Infectious Disease; InfectiousDisease; Influ; Influenza B; Influenza B virus; LAT; LCR; Ligase chain reaction; Ligation-activated transcription; Microbiology; NAA+probe; NAAT; NASBA; Nasopharynx; Nucleic acid sequence based analysis; Ordinal; PCR; Point in time; Polymerase chain reaction; PR; Probe amp; Probe with ampification; Probe with target amplification; QBR; QL; Qual; Qualitative; Random; Ribonucleic acid; Screen; SDA; Strand Displacement Amplification; TMA; Transcription mediated amplification,,naat
76084-3,Parainfluenza virus 1 RNA,PrThr,Pt,Nph,Ord,Probe.amp.tar,MICRO,ACTIVE,Parainfluenza virus 1 RNA [Presence] in Nasopharynx by NAA with probe detection,3 Self-Sustaining Sequence Replication; 3SR SR; Amplif; Amplification; Amplified; DNA NUCLEIC ACID PROBE; DNA probe; HPIV; HPIV1; Human respirovirus 1; i; ID; Infectious Disease; InfectiousDisease; LAT; LCR; Ligase chain reaction; Ligation-activated transcription; Microbiology; NAA+probe; NAAT; NASBA; Nasopharynx; Nucleic acid sequence based analysis; Ordinal; Para; Parainflu; Parainfluenza type 1; Parainfluenza type I; PCR; PI1; Point in time; Polymerase chain reaction; PR; Probe amp; Probe with ampification; Probe with target amplification; QBR; QL; Qual; Qualitative; Random; Ribonucleic acid; Screen; SDA; Strand Displacement Amplification; TMA; Transcription mediated amplification,,naat
76085-0,Parainfluenza virus 2 RNA,PrThr,Pt,Nph,Ord,Probe.amp.tar,MICRO,ACTIVE,Parainfluenza virus 2 RNA [Presence] in Nasopharynx by NAA with probe detection,3 Self-Sustaining Sequence Replication; 3SR SR; Amplif; Amplification; Amplified; DNA NUCLEIC ACID PROBE; DNA probe; HPIV; HPIV2; Human rubulavirus 2; ID; II; Infectious Disease; InfectiousDisease; LAT; LCR; Ligase chain reaction; Ligation-activated transcription; Microbiology; NAA+probe; NAAT; NASBA; Nasopharynx; Nucleic acid sequence based analysis; Ordinal; Para; Parainflu; Parainfluenza type 2; Parainfluenza type II; PCR; PI2; Point in time; Polymerase chain reaction; PR; Probe amp; Probe with ampification; Probe with target amplification; QBR; QL; Qual; Qualitative; Random; Ribonucleic acid; Screen; SDA; Strand Displacement Amplification; TMA; Transcription mediated amplification,,naat
76086-8,Parainfluenza virus 3 RNA,PrThr,Pt,Nph,Ord,Probe.amp.tar,MICRO,ACTIVE,Parainfluenza virus 3 RNA [Presence] in Nasopharynx by NAA with probe detection,3 Self-Sustaining Sequence Replication; 3SR SR; Amplif; Amplification; Amplified; DNA NUCLEIC ACID PROBE; DNA probe; HPIV; HPIV3; Human respirovirus 3; ID; III; Infectious Disease; InfectiousDisease; LAT; LCR; Ligase chain reaction; Ligation-activated transcription; Microbiology; NAA+probe; NAAT; NASBA; Nasopharynx; Nucleic acid sequence based analysis; Ordinal; Para; Parainflu; Parainfluenza type 3; Parainfluenza type III; PCR; PI3; Point in time; Polymerase chain reaction; PR; Probe amp; Probe with ampification; Probe with target amplification; QBR; QL; Qual; Qualitative; Random; Ribonucleic acid; Screen; SDA; Strand Displacement Amplification; TMA; Transcription mediated amplification,,naat
76087-6,Parainfluenza virus 4 RNA,PrThr,Pt,Nph,Ord,Probe.amp.tar,MICRO,ACTIVE,Parainfluenza virus 4 RNA [Presence] in Nasopharynx by NAA with probe detection,3 Self-Sustaining Sequence Replication; 3SR SR; Amplif; Amplification; Amplified; DNA NUCLEIC ACID PROBE; DNA probe; HPIV; HPIV4; Human rubulavirus 4; ID; Infectious Disease; InfectiousDisease; LAT; LCR; Ligase chain reaction; Ligation-activated transcription; Microbiology; NAA+probe; NAAT; NASBA; Nasopharynx; Nucleic acid sequence based analysis; Ordinal; Para; Parainflu; PCR; Point in time; Polymerase chain reaction; PR; Probe amp; Probe with ampification; Probe with target amplification; QBR; QL; Qual; Qualitative; Random; Ribonucleic acid; Screen; SDA; Strand Displacement Amplification; TMA; Transcription mediated amplification,,naat
76089-2,Respiratory syncytial virus RNA,PrThr,Pt,Nph,Ord,Probe.amp.tar,MICRO,ACTIVE,Respiratory syncytial virus RNA [Presence] in Nasopharynx by NAA with probe detection,3 Self-Sustaining Sequence Replication; 3SR SR; Amplif; Amplification; Amplified; DNA NUCLEIC ACID PROBE; DNA probe; HRSV; ID; Infectious Disease; InfectiousDisease; LAT; LCR; Ligase chain reaction; Ligation-activated transcription; Lung; Microbiology; NAA+probe; NAAT; NASBA; Nasopharynx; Nucleic acid sequence based analysis; Ordinal; PCR; Point in time; Polymerase chain reaction; PR; Probe amp; Probe with ampification; Probe with target amplification; Pulmonary; Pulmonology; QBR; QL; Qual; Qualitative; Random; Respiratory; Ribonucleic acid; RSV; Screen; SDA; Strand Displacement Amplification; TMA; Transcription mediated amplification,,naat
77022-2,Respiratory syncytial virus A RNA,PrThr,Pt,Nph,Ord,Probe.amp.tar,MICRO,ACTIVE,Respiratory syncytial virus A RNA [Presence] in Nasopharynx by NAA with probe detection,3 Self-Sustaining Sequence Replication; 3SR SR; Amplif; Amplification; Amplified; DNA NUCLEIC ACID PROBE; DNA probe; HRSV; ID; Infectious Disease; InfectiousDisease; LAT; LCR; Ligase chain reaction; Ligation-activated transcription; Lung; Microbiology; NAA+probe; NAAT; NASBA; Nasopharynx; Nucleic acid sequence based analysis; Ordinal; PCR; Point in time; Polymerase chain reaction; PR; Probe amp; Probe with ampification; Probe with target amplification; Pulmonary; Pulmonology; QBR; QL; Qual; Qualitative; Random; Respiratory; Ribonucleic acid; RSV; RSV A; Screen; SDA; Strand Displacement Amplification; TMA; Transcription mediated amplification,,naat
77023-0,Respiratory syncytial virus B RNA,PrThr,Pt,Nph,Ord,Probe.amp.tar,MICRO,ACTIVE,Respiratory syncytial virus B RNA [Presence] in Nasopharynx by NAA with probe detection,3 Self-Sustaining Sequence Replication; 3SR SR; Amplif; Amplification; Amplified; DNA NUCLEIC ACID PROBE; DNA probe; HRSV; ID; Infectious Disease; InfectiousDisease; LAT; LCR; Ligase chain reaction; Ligation-activated transcription; Lung; Microbiology; NAA+probe; NAAT; NASBA; Nasopharynx; Nucleic acid sequence based analysis; Ordinal; PCR; Point in time; Polymerase chain reaction; PR; Probe amp; Probe with ampification; Probe with target amplification; Pulmonary; Pulmonology; QBR; QL; Qual; Qualitative; Random; Respiratory; Ribonucleic acid; RSV; RSV B; Screen; SDA; Strand Displacement Amplification; TMA; Transcription mediated amplification,,naat
77024-8,Human metapneumovirus RNA,PrThr,Pt,Nph,Ord,Probe.amp.tar,MICRO,ACTIVE,Human metapneumovirus RNA [Presence] in Nasopharynx by NAA with probe detection,3 Self-Sustaining Sequence Replication; 3SR SR; Amplif; Amplification; Amplified; DNA NUCLEIC ACID PROBE; DNA probe; hMPV; ID; Infectious Disease; InfectiousDisease; LAT; LCR; Ligase chain reaction; Ligation-activated transcription; Microbiology; NAA+probe; NAAT; NASBA; Nasopharynx; Nucleic acid sequence based analysis; Ordinal; PCR; Point in time; Polymerase chain reaction; PR; Probe amp; Probe with ampification; Probe with target amplification; QBR; QL; Qual; Qualitative; Random; Ribonucleic acid; Screen; SDA; Strand Displacement Amplification; TMA; Transcription mediated amplification,,naat
77026-3,Influenza virus A H1 RNA,PrThr,Pt,Nph,Ord,Probe.amp.tar,MICRO,ACTIVE,Influenza virus A H1 RNA [Presence] in Nasopharynx by NAA with probe detection,3 Self-Sustaining Sequence Replication; 3SR SR; Amplif; Amplification; Amplified; Avian influenza; Bird flu; DNA NUCLEIC ACID PROBE; DNA probe; FLUA; FLUAV; FLUAV H1; FLUV; Fowl plague; ID; Infectious Disease; InfectiousDisease; Influ; Influenza A; Influenza A virus; LAT; LCR; Ligase chain reaction; Ligation-activated transcription; Microbiology; NAA+probe; NAAT; NASBA; Nasopharynx; Nucleic acid sequence based analysis; Ordinal; PCR; Point in time; Polymerase chain reaction; PR; Probe amp; Probe with ampification; Probe with target amplification; QBR; QL; Qual; Qualitative; Random; Ribonucleic acid; Screen; SDA; Strand Displacement Amplification; TMA; Transcription mediated amplification,,naat
77027-1,Influenza virus A H3 RNA,PrThr,Pt,Nph,Ord,Probe.amp.tar,MICRO,ACTIVE,Influenza virus A H3 RNA [Presence] in Nasopharynx by NAA with probe detection,3 Self-Sustaining Sequence Replication; 3SR SR; Amplif; Amplification; Amplified; Avian influenza; Bird flu; DNA NUCLEIC ACID PROBE; DNA probe; FLUA; FLUAV; FLUAV H3; FLUV; Fowl plague; ID; Infectious Disease; InfectiousDisease; Influ; Influenza A; Influenza A virus; LAT; LCR; Ligase chain reaction; Ligation-activated transcription; Microbiology; NAA+probe; NAAT; NASBA; Nasopharynx; Nucleic acid sequence based analysis; Ordinal; PCR; Point in time; Polymerase chain reaction; PR; Probe amp; Probe with ampification; Probe with target amplification; QBR; QL; Qual; Qualitative; Random; Ribonucleic acid; Screen; SDA; Strand Displacement Amplification; TMA; Transcription mediated amplification,,naat
77028-9,Influenza virus A H1 2009 pandemic RNA,PrThr,Pt,Nph,Ord,Probe.amp.tar,MICRO,ACTIVE,Influenza virus A H1 2009 pandemic RNA [Presence] in Nasopharynx by NAA with probe detection,3 Self-Sustaining Sequence Replication; 3SR SR; Amplif; Amplification; Amplified; Avian influenza; Bird flu; DNA NUCLEIC ACID PROBE; DNA probe; FLUA; FLUAV; FLUAV H1; FLUAV H1 2009 pand; FLUV; Fowl plague; H1N1; H1N1v; ID; Infectious Disease; InfectiousDisease; Influ; Influenza A; Influenza A virus; Influenza virus A hemagglutinin H1 swine origin; LAT; LCR; Ligase chain reaction; Ligation-activated transcription; Microbiology; NAA+probe; NAAT; NASBA; Nasopharynx; Nucleic acid sequence based analysis; Ordinal; PCR; Point in time; Polymerase chain reaction; PR; Probe amp; Probe with ampification; Probe with target amplification; QBR; QL; Qual; Qualitative; Random; Ribonucleic acid; Screen; SDA; S-OIV; Strand Displacement Amplification; TMA; Transcription mediated amplification,,naat
78922-2,Respiratory pathogens DNA & RNA panel,-,Pt,Nph,-,Probe.amp.tar,PANEL.MICRO,ACTIVE,Respiratory pathogens DNA and RNA panel - Nasopharynx by NAA with probe detection,3 Self-Sustaining Sequence Replication; 3SR SR; Amplif; Amplification; Amplified; Deoxyribonucleic acid; DNA NUCLEIC ACID PROBE; DNA probe; ID; Infectious Disease; InfectiousDisease; LAT; LCR; Ligase chain reaction; Ligation-activated transcription; Lung; Microbiology; NAA+probe; NAAT; NASBA; Nasopharynx; Nucleic acid sequence based analysis; Pan; PANEL.MICROBIOLOGY; Panl; PCR; Pnl; Point in time; Polymerase chain reaction; Probe amp; Probe with ampification; Probe with target amplification; Pulmonary; Pulmonology; QBR; Random; Resp path DNA+; Resp path DNA+RNA; Resp path DNA+RNA Pnl; Resp pathogens; Respiratory; Respiratory bacteria & viruses; Respiratory bacteria & viruses DNA & RNA; Ribonucleic acid; SDA; Strand Displacement Amplification; TMA; Transcription mediated amplification,Panel,naat
80382-5,Influenza virus A Ag,PrThr,Pt,Respiratory system specimen.upper,Ord,IA.rapid,MICRO,ACTIVE,Influenza virus A Ag [Presence] in Upper respiratory specimen by Rapid immunoassay,Antigen; Antigens; Avian influenza; Bird flu; Breathing; EIA; ELFA; ELISA; Enzyme immunoassay; FLUA; FLUAV; FLUV; Fowl plague; IAA; ID; Infectious Disease; InfectiousDisease; Influ; Influenza A; Influenza A virus; Lungs; MEIA; Microbiology; Ordinal; Point in time; PR; QL; Qual; Qualitative; Random; RS; Screen; Spec; SUDS; Up; Upper resp,,antigen
80383-3,Influenza virus B Ag,PrThr,Pt,Respiratory system specimen.upper,Ord,IA.rapid,MICRO,ACTIVE,Influenza virus B Ag [Presence] in Upper respiratory specimen by Rapid immunoassay,Antigen; Antigens; Breathing; EIA; ELFA; ELISA; Enzyme immunoassay; FLUB; FLUBV; FLUV; IAA; ID; Infectious Disease; InfectiousDisease; Influ; Influenza B; Influenza B virus; Lungs; MEIA; Microbiology; Ordinal; Point in time; PR; QL; Qual; Qualitative; Random; RS; Screen; Spec; SUDS; Up; Upper resp,,antigen
82159-5,Respiratory pathogens DNA & RNA panel,-,Pt,Nph,-,Non-probe.amp.tar,PANEL.MICRO,ACTIVE,Respiratory pathogens DNA and RNA panel - Nasopharynx by NAA with non-probe detection,3 Self-Sustaining Sequence Replication; 3SR SR; Amplif; Amplification; Amplified; Deoxyribonucleic acid; DNA NUCLEIC ACID PROBE; DNA probe; ID; Infectious Disease; InfectiousDisease; LAT; LCR; Ligase chain reaction; Ligation-activated transcription; Lung; Microbiology; NAA+non-probe; NAA+probe; NAAT; NASBA; Nasopharynx; Nucleic acid sequence based analysis; Pan; PANEL.MICROBIOLOGY; Panl; PCR; Pnl; Point in time; Polymerase chain reaction; Probe amp; Probe with ampification; Probe with target amplification; Pulmonary; Pulmonology; QBR; Random; Resp path DNA+; Resp path DNA+RNA; Resp path DNA+RNA Pnl; Resp pathogens; Respiratory; Respiratory bacteria & viruses; Respiratory bacteria & viruses DNA & RNA; Ribonucleic acid; SDA; Strand Displacement Amplification; TMA; Transcription mediated amplification,Panel,naat
82160-3,Adenovirus DNA,PrThr,Pt,Nph,Ord,Non-probe.amp.tar,MICRO,ACTIVE,Adenovirus DNA [Presence] in Nasopharynx by NAA with non-probe detection,3 Self-Sustaining Sequence Replication; 3SR SR; Adeno virus; Amplif; Amplification; Amplified; Deoxyribonucleic acid; DNA NUCLEIC ACID PROBE; DNA probe; HAdV; ID; Infectious Disease; InfectiousDisease; LAT; LCR; Ligase chain reaction; Ligation-activated transcription; Microbiology; NAA+non-probe; NAA+probe; NAAT; NASBA; Nasopharynx; Nucleic acid sequence based analysis; Ordinal; PCR; Point in time; Polymerase chain reaction; PR; Probe amp; Probe with ampification; Probe with target amplification; QBR; QL; Qual; Qualitative; Random; Screen; SDA; Strand Displacement Amplification; TMA; Transcription mediated amplification,,naat
82161-1,Human coronavirus HKU1 RNA,PrThr,Pt,Nph,Ord,Non-probe.amp.tar,MICRO,ACTIVE,Human coronavirus HKU1 RNA [Presence] in Nasopharynx by NAA with non-probe detection,3 Self-Sustaining Sequence Replication; 3SR SR; Amplif; Amplification; Amplified; Corona virus; DNA NUCLEIC ACID PROBE; DNA probe; HCoV; HCoV HKU1; ID; Infectious Disease; InfectiousDisease; LAT; LCR; Ligase chain reaction; Ligation-activated transcription; Microbiology; NAA+non-probe; NAA+probe; NAAT; NASBA; Nasopharynx; Nucleic acid sequence based analysis; Ordinal; PCR; Point in time; Polymerase chain reaction; PR; Probe amp; Probe with ampification; Probe with target amplification; QBR; QL; Qual; Qualitative; Random; Ribonucleic acid; Screen; SDA; Strand Displacement Amplification; TMA; Transcription mediated amplification,,naat
82162-9,Human coronavirus NL63 RNA,PrThr,Pt,Nph,Ord,Non-probe.amp.tar,MICRO,ACTIVE,Human coronavirus NL63 RNA [Presence] in Nasopharynx by NAA with non-probe detection,3 Self-Sustaining Sequence Replication; 3SR SR; Amplif; Amplification; Amplified; Corona virus; DNA NUCLEIC ACID PROBE; DNA probe; HCoV; HCoV NL63; ID; Infectious Disease; InfectiousDisease; LAT; LCR; Ligase chain reaction; Ligation-activated transcription; Microbiology; NAA+non-probe; NAA+probe; NAAT; NASBA; Nasopharynx; Nucleic acid sequence based analysis; Ordinal; PCR; Point in time; Polymerase chain reaction; PR; Probe amp; Probe with ampification; Probe with target amplification; QBR; QL; Qual; Qualitative; Random; Ribonucleic acid; Screen; SDA; Strand Displacement Amplification; TMA; Transcription mediated amplification,,naat
82163-7,Human coronavirus 229E RNA,PrThr,Pt,Nph,Ord,Non-probe.amp.tar,MICRO,ACTIVE,Human coronavirus 229E RNA [Presence] in Nasopharynx by NAA with non-probe detection,3 Self-Sustaining Sequence Replication; 3SR SR; Amplif; Amplification; Amplified; Corona virus; DNA NUCLEIC ACID PROBE; DNA probe; HCoV; HCoV 229E; ID; Infectious Disease; InfectiousDisease; LAT; LCR; Ligase chain reaction; Ligation-activated transcription; Microbiology; NAA+non-probe; NAA+probe; NAAT; NASBA; Nasopharynx; Nucleic acid sequence based analysis; Ordinal; PCR; Point in time; Polymerase chain reaction; PR; Probe amp; Probe with ampification; Probe with target amplification; QBR; QL; Qual; Qualitative; Random; Ribonucleic acid; Screen; SDA; Strand Displacement Amplification; TMA; Transcription mediated amplification,,naat
82164-5,Human coronavirus OC43 RNA,PrThr,Pt,Nph,Ord,Non-probe.amp.tar,MICRO,ACTIVE,Human coronavirus OC43 RNA [Presence] in Nasopharynx by NAA with non-probe detection,3 Self-Sustaining Sequence Replication; 3SR SR; Amplif; Amplification; Amplified; Corona virus; DNA NUCLEIC ACID PROBE; DNA probe; HCoV; HCoV OC43; ID; Infectious Disease; InfectiousDisease; LAT; LCR; Ligase chain reaction; Ligation-activated transcription; Microbiology; NAA+non-probe; NAA+probe; NAAT; NASBA; Nasopharynx; Nucleic acid sequence based analysis; Ordinal; PCR; Point in time; Polymerase chain reaction; PR; Probe amp; Probe with ampification; Probe with target amplification; QBR; QL; Qual; Qualitative; Random; Ribonucleic acid; Screen; SDA; Strand Displacement Amplification; TMA; Transcription mediated amplification,,naat
82165-2,Human metapneumovirus RNA,PrThr,Pt,Nph,Ord,Non-probe.amp.tar,MICRO,ACTIVE,Human metapneumovirus RNA [Presence] in Nasopharynx by NAA with non-probe detection,3 Self-Sustaining Sequence Replication; 3SR SR; Amplif; Amplification; Amplified; DNA NUCLEIC ACID PROBE; DNA probe; hMPV; ID; Infectious Disease; InfectiousDisease; LAT; LCR; Ligase chain reaction; Ligation-activated transcription; Microbiology; NAA+non-probe; NAA+probe; NAAT; NASBA; Nasopharynx; Nucleic acid sequence based analysis; Ordinal; PCR; Point in time; Polymerase chain reaction; PR; Probe amp; Probe with ampification; Probe with target amplification; QBR; QL; Qual; Qualitative; Random; Ribonucleic acid; Screen; SDA; Strand Displacement Amplification; TMA; Transcription mediated amplification,,naat
82166-0,Influenza virus A RNA,PrThr,Pt,Nph,Ord,Non-probe.amp.tar,MICRO,ACTIVE,Influenza virus A RNA [Presence] in Nasopharynx by NAA with non-probe detection,3 Self-Sustaining Sequence Replication; 3SR SR; Amplif; Amplification; Amplified; Avian influenza; Bird flu; DNA NUCLEIC ACID PROBE; DNA probe; FLUA; FLUAV; FLUV; Fowl plague; ID; Infectious Disease; InfectiousDisease; Influ; Influenza A; Influenza A virus; LAT; LCR; Ligase chain reaction; Ligation-activated transcription; Microbiology; NAA+non-probe; NAA+probe; NAAT; NASBA; Nasopharynx; Nucleic acid sequence based analysis; Ordinal; PCR; Point in time; Polymerase chain reaction; PR; Probe amp; Probe with ampification; Probe with target amplification; QBR; QL; Qual; Qualitative; Random; Ribonucleic acid; Screen; SDA; Strand Displacement Amplification; TMA; Transcription mediated amplification,,naat
82167-8,Influenza virus A H1 RNA,PrThr,Pt,Nph,Ord,Non-probe.amp.tar,MICRO,ACTIVE,Influenza virus A H1 RNA [Presence] in Nasopharynx by NAA with non-probe detection,3 Self-Sustaining Sequence Replication; 3SR SR; Amplif; Amplification; Amplified; Avian influenza; Bird flu; DNA NUCLEIC ACID PROBE; DNA probe; FLUA; FLUAV; FLUAV H1; FLUV; Fowl plague; ID; Infectious Disease; InfectiousDisease; Influ; Influenza A; Influenza A virus; LAT; LCR; Ligase chain reaction; Ligation-activated transcription; Microbiology; NAA+non-probe; NAA+probe; NAAT; NASBA; Nasopharynx; Nucleic acid sequence based analysis; Ordinal; PCR; Point in time; Polymerase chain reaction; PR; Probe amp; Probe with ampification; Probe with target amplification; QBR; QL; Qual; Qualitative; Random; Ribonucleic acid; Screen; SDA; Strand Displacement Amplification; TMA; Transcription mediated amplification,,naat
82168-6,Influenza virus A H1 2009 pandemic RNA,PrThr,Pt,Nph,Ord,Non-probe.amp.tar,MICRO,ACTIVE,Influenza virus A H1 2009 pandemic RNA [Presence] in Nasopharynx by NAA with non-probe detection,3 Self-Sustaining Sequence Replication; 3SR SR; Amplif; Amplification; Amplified; Avian influenza; Bird flu; DNA NUCLEIC ACID PROBE; DNA probe; FLUA; FLUAV; FLUAV H1; FLUAV H1 2009 pand; FLUV; Fowl plague; H1N1; H1N1v; ID; Infectious Disease; InfectiousDisease; Influ; Influenza A; Influenza A virus; Influenza virus A hemagglutinin H1 swine origin; LAT; LCR; Ligase chain reaction; Ligation-activated transcription; Microbiology; NAA+non-probe; NAA+probe; NAAT; NASBA; Nasopharynx; Nucleic acid sequence based analysis; Ordinal; PCR; Point in time; Polymerase chain reaction; PR; Probe amp; Probe with ampification; Probe with target amplification; QBR; QL; Qual; Qualitative; Random; Ribonucleic acid; Screen; SDA; S-OIV; Strand Displacement Amplification; TMA; Transcription mediated amplification,,naat
82169-4,Influenza virus A H3 RNA,PrThr,Pt,Nph,Ord,Non-probe.amp.tar,MICRO,ACTIVE,Influenza virus A H3 RNA [Presence] in Nasopharynx by NAA with non-probe detection,3 Self-Sustaining Sequence Replication; 3SR SR; Amplif; Amplification; Amplified; Avian influenza; Bird flu; DNA NUCLEIC ACID PROBE; DNA probe; FLUA; FLUAV; FLUAV H3; FLUV; Fowl plague; ID; Infectious Disease; InfectiousDisease; Influ; Influenza A; Influenza A virus; LAT; LCR; Ligase chain reaction; Ligation-activated transcription; Microbiology; NAA+non-probe; NAA+probe; NAAT; NASBA; Nasopharynx; Nucleic acid sequence based analysis; Ordinal; PCR; Point in time; Polymerase chain reaction; PR; Probe amp; Probe with ampification; Probe with target amplification; QBR; QL; Qual; Qualitative; Random; Ribonucleic acid; Screen; SDA; Strand Displacement Amplification; TMA; Transcription mediated amplification,,naat
82170-2,Influenza virus B RNA,PrThr,Pt,Nph,Ord,Non-probe.amp.tar,MICRO,ACTIVE,Influenza virus B RNA [Presence] in Nasopharynx by NAA with non-probe detection,3 Self-Sustaining Sequence Replication; 3SR SR; Amplif; Amplification; Amplified; DNA NUCLEIC ACID PROBE; DNA probe; FLUB; FLUBV; FLUV; ID; Infectious Disease; InfectiousDisease; Influ; Influenza B; Influenza B virus; LAT; LCR; Ligase chain reaction; Ligation-activated transcription; Microbiology; NAA+non-probe; NAA+probe; NAAT; NASBA; Nasopharynx; Nucleic acid sequence based analysis; Ordinal; PCR; Point in time; Polymerase chain reaction; PR; Probe amp; Probe with ampification; Probe with target amplification; QBR; QL; Qual; Qualitative; Random; Ribonucleic acid; Screen; SDA; Strand Displacement Amplification; TMA; Transcription mediated amplification,,naat
82175-1,Rhinovirus+Enterovirus RNA,PrThr,Pt,Nph,Ord,Non-probe.amp.tar,MICRO,ACTIVE,Rhinovirus+Enterovirus RNA [Presence] in Nasopharynx by NAA with non-probe detection,3 Self-Sustaining Sequence Replication; 3SR SR; Amplif; Amplification; Amplified; DNA NUCLEIC ACID PROBE; DNA probe; Entero virus; EV; EV-PCR; HRV; ID; Infectious Disease; InfectiousDisease; LAT; LCR; Ligase chain reaction; Ligation-activated transcription; Microbiology; NAA+non-probe; NAA+probe; NAAT; NASBA; Nasopharynx; Nucleic acid sequence based analysis; Ordinal; PCR; Point in time; Polymerase chain reaction; PR; Probe amp; Probe with ampification; Probe with target amplification; QBR; QL; Qual; Qualitative; Random; Rhino virus; RHV; Ribonucleic acid; RV+EV; RV+EV RNA; Screen; SDA; Strand Displacement Amplification; TMA; Transcription mediated amplification,,naat
82176-9,Respiratory syncytial virus RNA,PrThr,Pt,Nph,Ord,Non-probe.amp.tar,MICRO,ACTIVE,Respiratory syncytial virus RNA [Presence] in Nasopharynx by NAA with non-probe detection,3 Self-Sustaining Sequence Replication; 3SR SR; Amplif; Amplification; Amplified; DNA NUCLEIC ACID PROBE; DNA probe; HRSV; ID; Infectious Disease; InfectiousDisease; LAT; LCR; Ligase chain reaction; Ligation-activated transcription; Lung; Microbiology; NAA+non-probe; NAA+probe; NAAT; NASBA; Nasopharynx; Nucleic acid sequence based analysis; Ordinal; PCR; Point in time; Polymerase chain reaction; PR; Probe amp; Probe with ampification; Probe with target amplification; Pulmonary; Pulmonology; QBR; QL; Qual; Qualitative; Random; Respiratory; Ribonucleic acid; RSV; Screen; SDA; Strand Displacement Amplification; TMA; Transcription mediated amplification,,naat
82177-7,Mycoplasma pneumoniae DNA,PrThr,Pt,Nph,Ord,Non-probe.amp.tar,MICRO,ACTIVE,Mycoplasma pneumoniae DNA [Presence] in Nasopharynx by NAA with non-probe detection,3 Self-Sustaining Sequence Replication; 3SR SR; Amplif; Amplification; Amplified; Deoxyribonucleic acid; DNA NUCLEIC ACID PROBE; DNA probe; Enzootic pneumonia; ID; Infectious Disease; InfectiousDisease; LAT; LCR; Ligase chain reaction; Ligation-activated transcription; M pneumo; M pneumonia; M pneumoniae; Microbiology; Myco; Myco pneu; Mycoplas; Mycoplasm; Mycoplasmoides pneumoniae; Mycoplasmosis; Mycoplsm; NAA+non-probe; NAA+probe; NAAT; NASBA; Nasopharynx; Nucleic acid sequence based analysis; Ordinal; PCR; Pneu; pneum; Pneumo; Pneumon; Pneumonia; Point in time; Polymerase chain reaction; PR; Probe amp; Probe with ampification; Probe with target amplification; QBR; QL; Qual; Qualitative; Random; Screen; SDA; Strand Displacement Amplification; TMA; Transcription mediated amplification,,naat
82178-5,Chlamydophila pneumoniae DNA,PrThr,Pt,Nph,Ord,Non-probe.amp.tar,MICRO,ACTIVE,Chlamydophila pneumoniae DNA [Presence] in Nasopharynx by NAA with non-probe detection,3 Self-Sustaining Sequence Replication; 3SR SR; Amplif; Amplification; Amplified; C pneum; C pneumo; C pneumoniae; Chlamydia; Chlamydia pneumoniae; CPN; Deoxyribonucleic acid; DNA NUCLEIC ACID PROBE; DNA probe; ID; Infectious Disease; InfectiousDisease; LAT; LCR; Ligase chain reaction; Ligation-activated transcription; Microbiology; NAA+non-probe; NAA+probe; NAAT; NASBA; Nasopharynx; Nucleic acid sequence based analysis; Ordinal; PCR; Pneu; pneum; Pneumo; Pneumon; Pneumonia; Point in time; Polymerase chain reaction; PR; Probe amp; Probe with ampification; Probe with target amplification; QBR; QL; Qual; Qualitative; Random; Screen; SDA; Strand Displacement Amplification; TMA; Transcription mediated amplification; Twar agent,,naat
82179-3,Bordetella pertussis.pertussis toxin promoter region,PrThr,Pt,Nph,Ord,Non-probe.amp.tar,MICRO,ACTIVE,Bordetella pertussis.pertussis toxin promoter region [Presence] in Nasopharynx by NAA with non-probe detection,3 Self-Sustaining Sequence Replication; 3SR SR; Amplif; Amplification; Amplified; B pert; B pert.PT; B pert.PT Prmt; B pertussis; DNA NUCLEIC ACID PROBE; DNA probe; ID; Infectious Disease; InfectiousDisease; LAT; LCR; Ligase chain reaction; Ligation-activated transcription; Microbiology; NAA+non-probe; NAA+probe; NAAT; NASBA; Nasopharynx; Nucleic acid sequence based analysis; Ordinal; PCR; Pertussis; Point in time; Polymerase chain reaction; PR; Probe amp; Probe with ampification; Probe with target amplification; QBR; QL; Qual; Qualitative; Random; Screen; SDA; Strand Displacement Amplification; TMA; Transcription mediated amplification; Whooping cough,,naat
85477-8,Influenza virus A RNA,PrThr,Pt,Respiratory system specimen.upper,Ord,Probe.amp.tar,MICRO,ACTIVE,Influenza virus A RNA [Presence] in Upper respiratory specimen by NAA with probe detection,3 Self-Sustaining Sequence Replication; 3SR SR; Amplif; Amplification; Amplified; Avian influenza; Bird flu; Breathing; DNA NUCLEIC ACID PROBE; DNA probe; FLUA; FLUAV; FLUV; Fowl plague; ID; Infectious Disease; InfectiousDisease; Influ; Influenza A; Influenza A virus; LAT; LCR; Ligase chain reaction; Ligation-activated transcription; Lung; Lungs; Microbiology; NAA+probe; NAAT; NASBA; Nucleic acid sequence based analysis; Ordinal; PCR; Point in time; Polymerase chain reaction; PR; Probe amp; Probe with ampification; Probe with target amplification; Pulmonary; Pulmonology; QBR; QL; Qual; Qualitative; Random; Respiratory; Ribonucleic acid; RS; Screen; SDA; Spec; Strand Displacement Amplification; TMA; Transcription mediated amplification; Up; Upper resp,,naat
85478-6,Influenza virus B RNA,PrThr,Pt,Respiratory system specimen.upper,Ord,Probe.amp.tar,MICRO,ACTIVE,Influenza virus B RNA [Presence] in Upper respiratory specimen by NAA with probe detection,3 Self-Sustaining Sequence Replication; 3SR SR; Amplif; Amplification; Amplified; Breathing; DNA NUCLEIC ACID PROBE; DNA probe; FLUB; FLUBV; FLUV; ID; Infectious Disease; InfectiousDisease; Influ; Influenza B; Influenza B virus; LAT; LCR; Ligase chain reaction; Ligation-activated transcription; Lung; Lungs; Microbiology; NAA+probe; NAAT; NASBA; Nucleic acid sequence based analysis; Ordinal; PCR; Point in time; Polymerase chain reaction; PR; Probe amp; Probe with ampification; Probe with target amplification; Pulmonary; Pulmonology; QBR; QL; Qual; Qualitative; Random; Respiratory; Ribonucleic acid; RS; Screen; SDA; Spec; Strand Displacement Amplification; TMA; Transcription mediated amplification; Up; Upper resp,,naat
85479-4,Respiratory syncytial virus RNA,PrThr,Pt,Respiratory system specimen.upper,Ord,Probe.amp.tar,MICRO,ACTIVE,Respiratory syncytial virus RNA [Presence] in Upper respiratory specimen by NAA with probe detection,3 Self-Sustaining Sequence Replication; 3SR SR; Amplif; Amplification; Amplified; Breathing; DNA NUCLEIC ACID PROBE; DNA probe; HRSV; ID; Infectious Disease; InfectiousDisease; LAT; LCR; Ligase chain reaction; Ligation-activated transcription; Lung; Lungs; Microbiology; NAA+probe; NAAT; NASBA; Nucleic acid sequence based analysis; Ordinal; PCR; Point in time; Polymerase chain reaction; PR; Probe amp; Probe with ampification; Probe with target amplification; Pulmonary; Pulmonology; QBR; QL; Qual; Qualitative; Random; Respiratory; Ribonucleic acid; RS; RSV; Screen; SDA; Spec; Strand Displacement Amplification; TMA; Transcription mediated amplification; Up; Upper resp,,naat
87621-9,Bordetella parapertussis IS1001 DNA,PrThr,Pt,Nph,Ord,Non-probe.amp.tar,MICRO,ACTIVE,Bordetella parapertussis IS1001 DNA [Presence] in Nasopharynx by NAA with non-probe detection,3 Self-Sustaining Sequence Replication; 3SR SR; Amplif; Amplification; Amplified; B parap IS1001; B parapert; B parapertussis; Deoxyribonucleic acid; DNA NUCLEIC ACID PROBE; DNA probe; ID; Infectious Disease; InfectiousDisease; LAT; LCR; Ligase chain reaction; Ligation-activated transcription; Microbiology; NAA+non-probe; NAA+probe; NAAT; NASBA; Nasopharynx; Nucleic acid sequence based analysis; Ordinal; PCR; Point in time; Polymerase chain reaction; PR; Probe amp; Probe with ampification; Probe with target amplification; QBR; QL; Qual; Qualitative; Random; Screen; SDA; Strand Displacement Amplification; TMA; Transcription mediated amplification; Whooping cough,,naat
88604-4,Human coronavirus HKU1 RNA,PrThr,Pt,Respiratory system specimen.upper,Ord,Probe.amp.tar,MICRO,ACTIVE,Human coronavirus HKU1 RNA [Presence] in Upper respiratory specimen by NAA with probe detection,3 Self-Sustaining Sequence Replication; 3SR SR; Amplif; Amplification; Amplified; Breathing; Corona virus; DNA NUCLEIC ACID PROBE; DNA probe; HCoV; HCoV HKU1; ID; Infectious Disease; InfectiousDisease; LAT; LCR; Ligase chain reaction; Ligation-activated transcription; Lung; Lungs; Microbiology; NAA+probe; NAAT; NASBA; Nucleic acid sequence based analysis; Ordinal; PCR; Point in time; Polymerase chain reaction; PR; Probe amp; Probe with ampification; Probe with target amplification; Pulmonary; Pulmonology; QBR; QL; Qual; Qualitative; Random; Respiratory; Ribonucleic acid; RS; Screen; SDA; Spec; Strand Displacement Amplification; TMA; Transcription mediated amplification; Up; Upper resp,,naat
88610-1,Human coronavirus 229E RNA,PrThr,Pt,Respiratory system specimen.upper,Ord,Probe.amp.tar,MICRO,ACTIVE,Human coronavirus 229E RNA [Presence] in Upper respiratory specimen by NAA with probe detection,3 Self-Sustaining Sequence Replication; 3SR SR; Amplif; Amplification; Amplified; Breathing; Corona virus; DNA NUCLEIC ACID PROBE; DNA probe; HCoV; HCoV 229E; ID; Infectious Disease; InfectiousDisease; LAT; LCR; Ligase chain reaction; Ligation-activated transcription; Lung; Lungs; Microbiology; NAA+probe; NAAT; NASBA; Nucleic acid sequence based analysis; Ordinal; PCR; Point in time; Polymerase chain reaction; PR; Probe amp; Probe with ampification; Probe with target amplification; Pulmonary; Pulmonology; QBR; QL; Qual; Qualitative; Random; Respiratory; Ribonucleic acid; RS; Screen; SDA; Spec; Strand Displacement Amplification; TMA; Transcription mediated amplification; Up; Upper resp,,naat
88613-5,Human bocavirus DNA,PrThr,Pt,Respiratory system specimen.upper,Ord,Probe.amp.tar,MICRO,ACTIVE,Human bocavirus DNA [Presence] in Upper respiratory specimen by NAA with probe detection,3 Self-Sustaining Sequence Replication; 3SR SR; Amplif; Amplification; Amplified; Breathing; Deoxyribonucleic acid; DNA NUCLEIC ACID PROBE; DNA probe; HBoV; ID; Infectious Disease; InfectiousDisease; LAT; LCR; Ligase chain reaction; Ligation-activated transcription; Lung; Lungs; Microbiology; NAA+probe; NAAT; NASBA; Nucleic acid sequence based analysis; Ordinal; PCR; Point in time; Polymerase chain reaction; PR; Probe amp; Probe with ampification; Probe with target amplification; Pulmonary; Pulmonology; QBR; QL; Qual; Qualitative; Random; Respiratory; RS; Screen; SDA; Spec; Strand Displacement Amplification; TMA; Transcription mediated amplification; Up; Upper resp,,naat
88618-4,Human coronavirus NL63 RNA,PrThr,Pt,Respiratory system specimen.upper,Ord,Probe.amp.tar,MICRO,ACTIVE,Human coronavirus NL63 RNA [Presence] in Upper respiratory specimen by NAA with probe detection,3 Self-Sustaining Sequence Replication; 3SR SR; Amplif; Amplification; Amplified; Breathing; Corona virus; DNA NUCLEIC ACID PROBE; DNA probe; HCoV; HCoV NL63; ID; Infectious Disease; InfectiousDisease; LAT; LCR; Ligase chain reaction; Ligation-activated transcription; Lung; Lungs; Microbiology; NAA+probe; NAAT; NASBA; Nucleic acid sequence based analysis; Ordinal; PCR; Point in time; Polymerase chain reaction; PR; Probe amp; Probe with ampification; Probe with target amplification; Pulmonary; Pulmonology; QBR; QL; Qual; Qualitative; Random; Respiratory; Ribonucleic acid; RS; Screen; SDA; Spec; Strand Displacement Amplification; TMA; Transcription mediated amplification; Up; Upper resp,,naat
88626-7,Human coronavirus OC43 RNA,PrThr,Pt,Respiratory system specimen.upper,Ord,Probe.amp.tar,MICRO,ACTIVE,Human coronavirus OC43 RNA [Presence] in Upper respiratory specimen by NAA with probe detection,3 Self-Sustaining Sequence Replication; 3SR SR; Amplif; Amplification; Amplified; Breathing; Corona virus; DNA NUCLEIC ACID PROBE; DNA probe; HCoV; HCoV OC43; ID; Infectious Disease; InfectiousDisease; LAT; LCR; Ligase chain reaction; Ligation-activated transcription; Lung; Lungs; Microbiology; NAA+probe; NAAT; NASBA; Nucleic acid sequence based analysis; Ordinal; PCR; Point in time; Polymerase chain reaction; PR; Probe amp; Probe with ampification; Probe with target amplification; Pulmonary; Pulmonology; QBR; QL; Qual; Qualitative; Random; Respiratory; Ribonucleic acid; RS; Screen; SDA; Spec; Strand Displacement Amplification; TMA; Transcription mediated amplification; Up; Upper resp,,naat
88718-2,Chlamydophila pneumoniae DNA,PrThr,Pt,Nph,Ord,Probe.amp.tar,MICRO,ACTIVE,Chlamydophila pneumoniae DNA [Presence] in Nasopharynx by NAA with probe detection,3 Self-Sustaining Sequence Replication; 3SR SR; Amplif; Amplification; Amplified; C pneum; C pneumo; C pneumoniae; Chlamydia; Chlamydia pneumoniae; CPN; Deoxyribonucleic acid; DNA NUCLEIC ACID PROBE; DNA probe; ID; Infectious Disease; InfectiousDisease; LAT; LCR; Ligase chain reaction; Ligation-activated transcription; Microbiology; NAA+probe; NAAT; NASBA; Nasopharynx; Nucleic acid sequence based analysis; Ordinal; PCR; Pneu; pneum; Pneumo; Pneumon; Pneumonia; Point in time; Polymerase chain reaction; PR; Probe amp; Probe with ampification; Probe with target amplification; QBR; QL; Qual; Qualitative; Random; Screen; SDA; Strand Displacement Amplification; TMA; Transcription mediated amplification; Twar agent,,naat
88720-8,Mycoplasma pneumoniae DNA,PrThr,Pt,Nph,Ord,Probe.amp.tar,MICRO,ACTIVE,Mycoplasma pneumoniae DNA [Presence] in Nasopharynx by NAA with probe detection,3 Self-Sustaining Sequence Replication; 3SR SR; Amplif; Amplification; Amplified; Deoxyribonucleic acid; DNA NUCLEIC ACID PROBE; DNA probe; Enzootic pneumonia; ID; Infectious Disease; InfectiousDisease; LAT; LCR; Ligase chain reaction; Ligation-activated transcription; M pneumo; M pneumonia; M pneumoniae; Microbiology; Myco; Myco pneu; Mycoplas; Mycoplasm; Mycoplasmoides pneumoniae; Mycoplasmosis; Mycoplsm; NAA+probe; NAAT; NASBA; Nasopharynx; Nucleic acid sequence based analysis; Ordinal; PCR; Pneu; pneum; Pneumo; Pneumon; Pneumonia; Point in time; Polymerase chain reaction; PR; Probe amp; Probe with ampification; Probe with target amplification; QBR; QL; Qual; Qualitative; Random; Screen; SDA; Strand Displacement Amplification; TMA; Transcription mediated amplification,,naat
88721-6,Rhinovirus+enterovirus RNA,PrThr,Pt,Nph,Ord,Probe.amp.tar,MICRO,ACTIVE,Rhinovirus+Enterovirus RNA [Presence] in Nasopharynx by NAA with probe detection,3 Self-Sustaining Sequence Replication; 3SR SR; Amplif; Amplification; Amplified; DNA NUCLEIC ACID PROBE; DNA probe; Entero virus; EV; EV-PCR; HRV; ID; Infectious Disease; InfectiousDisease; LAT; LCR; Ligase chain reaction; Ligation-activated transcription; Microbiology; NAA+probe; NAAT; NASBA; Nasopharynx; Nucleic acid sequence based analysis; Ordinal; PCR; Point in time; Polymerase chain reaction; PR; Probe amp; Probe with ampification; Probe with target amplification; QBR; QL; Qual; Qualitative; Random; Rhino virus; RHV; Ribonucleic acid; RV+EV; RV+EV RNA; Screen; SDA; Strand Displacement Amplification; TMA; Transcription mediated amplification,,naat
88890-9,Parainfluenza virus 1+2+3+4 RNA,PrThr,Pt,Nph,Ord,Non-probe.amp.tar,MICRO,ACTIVE,Parainfluenza virus 1+2+3+4 RNA [Presence] in Nasopharynx by NAA with non-probe detection,3 Self-Sustaining Sequence Replication; 3SR SR; Amplif; Amplification; Amplified; DNA NUCLEIC ACID PROBE; DNA probe; HPIV; HPIV 1+2+3+4; HPIV 1+2+3+4 RNA; HPIV1; HPIV1+2+3; Human respirovirus 1; i; ID; II; III; Infectious Disease; InfectiousDisease; LAT; LCR; Ligase chain reaction; Ligation-activated transcription; Microbiology; NAA+non-probe; NAA+probe; NAAT; NASBA; Nasopharynx; Nucleic acid sequence based analysis; Ordinal; Para; Parainflu; Parainfluenza type 1; Parainfluenza type I; PCR; PI1; Point in time; Polymerase chain reaction; PR; Probe amp; Probe with ampification; Probe with target amplification; QBR; QL; Qual; Qualitative; Random; Ribonucleic acid; Screen; SDA; Strand Displacement Amplification; TMA; Transcription mediated amplification,,naat
88891-7,Human coronavirus 229E+HKU1+NL63+OC43 RNA,PrThr,Pt,Nph,Ord,Non-probe.amp.tar,MICRO,ACTIVE,Human coronavirus 229E+HKU1+NL63+OC43 RNA [Presence] in Nasopharynx by NAA with non-probe detection,3 Self-Sustaining Sequence Replication; 3SR SR; Amplif; Amplification; Amplified; Corona virus; CoV 229E+HKU1+NL63+OC43; DNA NUCLEIC ACID PROBE; DNA probe; HCoV; HCoV 229E; HCoV 229E+HKU1+NL63+OC43; ID; Infectious Disease; InfectiousDisease; LAT; LCR; Ligase chain reaction; Ligation-activated transcription; Microbiology; NAA+non-probe; NAA+probe; NAAT; NASBA; Nasopharynx; Nucleic acid sequence based analysis; Ordinal; PCR; Point in time; Polymerase chain reaction; PR; Probe amp; Probe with ampification; Probe with target amplification; QBR; QL; Qual; Qualitative; Random; Ribonucleic acid; Screen; SDA; Strand Displacement Amplification; TMA; Transcription mediated amplification,,naat
90101-7,Internal control result,PrThr,Pt,Specimen,Ord,,SPEC,ACTIVE,Internal control result,Built-in control; Int control result; Ordinal; Point in time; PR; Procedural control; QL; Qual; Qualitative; Random; Screen; Spec,,unknown
92131-2,Respiratory syncytial virus RNA,PrThr,Pt,Respiratory System Specimen,Ord,Probe.amp.tar,MICRO,ACTIVE,Respiratory syncytial virus RNA [Presence] in Respiratory system specimen by NAA with probe detection,3 Self-Sustaining Sequence Replication; 3SR SR; Amplif; Amplification; Amplified; Breathing; DNA NUCLEIC ACID PROBE; DNA probe; HRSV; LAT; LCR; Ligase chain reaction; Ligation-activated transcription; Lungs; Microbiology; NAA+probe; NAAT; NASBA; Nucleic acid sequence based analysis; Ordinal; PCR; Point in time; Polymerase chain reaction; PR; Probe amp; Probe with ampification; Probe with target amplification; QBR; QL; Qual; Qualitative; Random; Ribonucleic acid; RS; RSV; Screen; SDA; Spec; Strand Displacement Amplification; TMA; Transcription mediated amplification,,naat
92141-1,Influenza virus B RNA,PrThr,Pt,Respiratory System Specimen,Ord,Probe.amp.tar,MICRO,ACTIVE,Influenza virus B RNA [Presence] in Respiratory system specimen by NAA with probe detection,3 Self-Sustaining Sequence Replication; 3SR SR; Amplif; Amplification; Amplified; Breathing; DNA NUCLEIC ACID PROBE; DNA probe; FLUB; FLUBV; FLUV; Influ; Influenza B; Influenza B virus; LAT; LCR; Ligase chain reaction; Ligation-activated transcription; Lungs; Microbiology; NAA+probe; NAAT; NASBA; Nucleic acid sequence based analysis; Ordinal; PCR; Point in time; Polymerase chain reaction; PR; Probe amp; Probe with ampification; Probe with target amplification; QBR; QL; Qual; Qualitative; Random; Ribonucleic acid; RS; Screen; SDA; Spec; Strand Displacement Amplification; TMA; Transcription mediated amplification,,naat
92142-9,Influenza virus A RNA,PrThr,Pt,Respiratory System Specimen,Ord,Probe.amp.tar,MICRO,ACTIVE,Influenza virus A RNA [Presence] in Respiratory system specimen by NAA with probe detection,3 Self-Sustaining Sequence Replication; 3SR SR; Amplif; Amplification; Amplified; Avian influenza; Bird flu; Breathing; DNA NUCLEIC ACID PROBE; DNA probe; FLUA; FLUAV; FLUV; Fowl plague; Influ; Influenza A; Influenza A virus; LAT; LCR; Ligase chain reaction; Ligation-activated transcription; Lungs; Microbiology; NAA+probe; NAAT; NASBA; Nucleic acid sequence based analysis; Ordinal; PCR; Point in time; Polymerase chain reaction; PR; Probe amp; Probe with ampification; Probe with target amplification; QBR; QL; Qual; Qualitative; Random; Ribonucleic acid; RS; Screen; SDA; Spec; Strand Displacement Amplification; TMA; Transcription mediated amplification,,naat
92143-7,Respiratory pathogens DNA & RNA panel,-,Pt,Respiratory System Specimen,-,Probe.amp.tar,PANEL.MICRO,ACTIVE,Respiratory pathogens DNA and RNA panel - Respiratory system specimen by NAA with probe detection,3 Self-Sustaining Sequence Replication; 3SR SR; Amplif; Amplification; Amplified; Breathing; Deoxyribonucleic acid; DNA NUCLEIC ACID PROBE; DNA probe; LAT; LCR; Ligase chain reaction; Ligation-activated transcription; Lungs; Microbiology; NAA+probe; NAAT; NASBA; Nucleic acid sequence based analysis; Pan; PANEL.MICROBIOLOGY; Panl; PCR; Pnl; Point in time; Polymerase chain reaction; Probe amp; Probe with ampification; Probe with target amplification; QBR; Random; Resp path DNA+; Resp path DNA+RNA; Resp path DNA+RNA Pnl; Resp pathogens; Respiratory bacteria & viruses; Respiratory bacteria & viruses DNA & RNA; Ribonucleic acid; RS; SDA; Spec; Strand Displacement Amplification; TMA; Transcription mediated amplification,Panel,naat
92808-5,Influenza virus A H3 RNA,PrThr,Pt,Respiratory system specimen.upper,Ord,Probe.amp.tar,MICRO,ACTIVE,Influenza virus A H3 RNA [Presence] in Upper respiratory specimen by NAA with probe detection,3 Self-Sustaining Sequence Replication; 3SR SR; Amplif; Amplification; Amplified; Avian influenza; Bird flu; Breathing; DNA NUCLEIC ACID PROBE; DNA probe; FLUA; FLUAV; FLUAV H3; FLUV; Fowl plague; Influ; Influenza A; Influenza A virus; LAT; LCR; Ligase chain reaction; Ligation-activated transcription; Lungs; Microbiology; NAA+probe; NAAT; NASBA; Nucleic acid sequence based analysis; Ordinal; PCR; Point in time; Polymerase chain reaction; PR; Probe amp; Probe with ampification; Probe with target amplification; QBR; QL; Qual; Qualitative; Random; Ribonucleic acid; RS; Screen; SDA; Spec; Strand Displacement Amplification; TMA; Transcription mediated amplification; Up; Upper resp,,naat
92809-3,Influenza virus A H1 RNA,PrThr,Pt,Respiratory system specimen.upper,Ord,Probe.amp.tar,MICRO,ACTIVE,Influenza virus A H1 RNA [Presence] in Upper respiratory specimen by NAA with probe detection,3 Self-Sustaining Sequence Replication; 3SR SR; Amplif; Amplification; Amplified; Avian influenza; Bird flu; Breathing; DNA NUCLEIC ACID PROBE; DNA probe; FLUA; FLUAV; FLUAV H1; FLUV; Fowl plague; Influ; Influenza A; Influenza A virus; LAT; LCR; Ligase chain reaction; Ligation-activated transcription; Lungs; Microbiology; NAA+probe; NAAT; NASBA; Nucleic acid sequence based analysis; Ordinal; PCR; Point in time; Polymerase chain reaction; PR; Probe amp; Probe with ampification; Probe with target amplification; QBR; QL; Qual; Qualitative; Random; Ribonucleic acid; RS; Screen; SDA; Spec; Strand Displacement Amplification; TMA; Transcription mediated amplification; Up; Upper resp,,naat
94500-6,SARS coronavirus 2 RNA,PrThr,Pt,Respiratory System Specimen,Ord,Probe.amp.tar,MICRO,ACTIVE,SARS-CoV-2 (COVID-19) RNA [Presence] in Respiratory system specimen by NAA with probe detection,2019 Novel Coronavirus; 2019-nCoV; 3 Self-Sustaining Sequence Replication; 3SR SR; Amplif; Amplification; Amplified; Breathing; Corona virus; COVID19; COVID-19; DNA NUCLEIC ACID PROBE; DNA probe; ID; II; Infectious Disease; InfectiousDisease; LAT; LCR; Ligase chain reaction; Ligation-activated transcription; Lungs; Microbiology; NAA+probe; NAAT; NASBA; Nucleic acid sequence based analysis; Ordinal; PCR; Point in time; Polymerase chain reaction; PR; Probe amp; Probe with ampification; Probe with target amplification; QBR; QL; Qual; Qualitative; Random; Ribonucleic acid; RS; SARS Coronavirus 1; SARS-CoV; SARS-CoV-1; SARS-CoV-2; Screen; SDA; Severe Acute Respiratory Syndrome; Spec; Strand Displacement Amplification; TMA; Transcription mediated amplification; Viral Pneumonias; Wuhan coronavirus,,naat
94502-2,SARS-related coronavirus RNA,PrThr,Pt,Respiratory System Specimen,Ord,Probe.amp.tar,MICRO,ACTIVE,SARS-related coronavirus RNA [Presence] in Respiratory system specimen by NAA with probe detection,3 Self-Sustaining Sequence Replication; 3SR SR; Amplif; Amplification; Amplified; Breathing; Corona virus; DNA NUCLEIC ACID PROBE; DNA probe; ID; Infectious Disease; InfectiousDisease; LAT; LCR; Ligase chain reaction; Ligation-activated transcription; Lungs; Microbiology; NAA+probe; NAAT; NASBA; Nucleic acid sequence based analysis; Ordinal; PCR; Point in time; Polymerase chain reaction; PR; Probe amp; Probe with ampification; Probe with target amplification; QBR; QL; Qual; Qualitative; Random; Ribonucleic acid; RS; SARSr-CoV; Screen; SDA; Severe Acute Respiratory Syndrome; Spec; Strand Displacement Amplification; TMA; Transcription mediated amplification,,naat
94531-1,SARS coronavirus 2 RNA panel,-,Pt,Respiratory System Specimen,-,Probe.amp.tar,PANEL.MICRO,ACTIVE,SARS-CoV-2 (COVID-19) RNA panel - Respiratory system specimen by NAA with probe detection,2019 Novel Coronavirus; 2019-nCoV; 3 Self-Sustaining Sequence Replication; 3SR SR; Amplif; Amplification; Amplified; Breathing; Corona virus; COVID19; COVID-19; DNA NUCLEIC ACID PROBE; DNA probe; ID; II; Infectious Disease; InfectiousDisease; LAT; LCR; Ligase chain reaction; Ligation-activated transcription; Lungs; Microbiology; NAA+probe; NAAT; NASBA; Nucleic acid sequence based analysis; Pan; PANEL.MICROBIOLOGY; Panl; PCR; Pnl; Point in time; Polymerase chain reaction; Probe amp; Probe with ampification; Probe with target amplification; QBR; Random; Ribonucleic acid; RS; SARS Coronavirus 1; SARS-CoV; SARS-CoV-1; SARS-CoV-2; SARS-CoV-2 RNA Pnl; SDA; Severe Acute Respiratory Syndrome; Spec; Strand Displacement Amplification; TMA; Transcription mediated amplification; Viral Pneumonias; Wuhan coronavirus,Panel,naat
94533-7,SARS coronavirus 2 N gene,PrThr,Pt,Respiratory System Specimen,Ord,Probe.amp.tar,MICRO,ACTIVE,SARS-CoV-2 (COVID-19) N gene [Presence] in Respiratory system specimen by NAA with probe detection,2019 Novel Coronavirus; 2019-nCoV; 3 Self-Sustaining Sequence Replication; 3SR SR; Amplif; Amplification; Amplified; Breathing; Corona virus; COVID19; COVID-19; DNA NUCLEIC ACID PROBE; DNA probe; ID; II; Infectious Disease; InfectiousDisease; LAT; LCR; Ligase chain reaction; Ligation-activated transcription; Lungs; Microbiology; NAA+probe; NAAT; NASBA; Nucleic acid sequence based analysis; Ordinal; PCR; Point in time; Polymerase chain reaction; PR; Probe amp; Probe with ampification; Probe with target amplification; QBR; QL; Qual; Qualitative; Random; RS; SARS Coronavirus 1; SARS-CoV; SARS-CoV-1; SARS-CoV-2; SARS-CoV-2 N gene; Screen; SDA; Severe Acute Respiratory Syndrome; Spec; Strand Displacement Amplification; TMA; Transcription mediated amplification; Viral Pneumonias; Wuhan coronavirus,,naat
94534-5,SARS coronavirus 2 RdRp gene,PrThr,Pt,Respiratory System Specimen,Ord,Probe.amp.tar,MICRO,ACTIVE,SARS-CoV-2 (COVID-19) RdRp gene [Presence] in Respiratory system specimen by NAA with probe detection,2019 Novel Coronavirus; 2019-nCoV; 3 Self-Sustaining Sequence Replication; 3SR SR; Amplif; Amplification; Amplified; Breathing; Corona virus; COVID19; COVID-19; DNA NUCLEIC ACID PROBE; DNA probe; ID; II; Infectious Disease; InfectiousDisease; LAT; LCR; Ligase chain reaction; Ligation-activated transcription; Lungs; Microbiology; NAA+probe; NAAT; NASBA; Nucleic acid sequence based analysis; Ordinal; PCR; Point in time; Polymerase chain reaction; PR; Probe amp; Probe with ampification; Probe with target amplification; QBR; QL; Qual; Qualitative; Random; RS; SARS Coronavirus 1; SARS-CoV; SARS-CoV-1; SARS-CoV-2; SARS-CoV-2 RdRp; Screen; SDA; Severe Acute Respiratory Syndrome; Spec; Strand Displacement Amplification; TMA; Transcription mediated amplification; Viral Pneumonias; Wuhan coronavirus,,naat
94558-4,SARS coronavirus 2 Ag,PrThr,Pt,Respiratory System Specimen,Ord,IA.rapid,MICRO,ACTIVE,SARS-CoV-2 (COVID-19) Ag [Presence] in Respiratory system specimen by Rapid immunoassay,2019 Novel Coronavirus; 2019-nCoV; Antigen; Antigens; Breathing; Corona virus; COVID19; COVID-19; EIA; ELFA; ELISA; Enzyme immunoassay; IAA; ID; II; Infectious Disease; InfectiousDisease; Lungs; MEIA; Microbiology; Ordinal; PH; Point in time; PR; Public Health; PublicHealth; Ql; Qual; Qualitative; Random; RS; SARS Coronavirus 1; SARS-CoV; SARS-CoV-1; SARS-CoV-2; Screen; Severe Acute Respiratory Syndrome; Spec; SUDS; Viral Pneumonias; Wuhan coronavirus,,antigen
94559-2,SARS coronavirus 2 ORF1ab region,PrThr,Pt,Respiratory System Specimen,Ord,Probe.amp.tar,MICRO,ACTIVE,SARS-CoV-2 (COVID-19) ORF1ab region [Presence] in Respiratory system specimen by NAA with probe detection,2019 Novel Coronavirus; 2019-nCoV; 3 Self-Sustaining Sequence Replication; 3SR SR; Amplif; Amplification; Amplified; Breathing; Corona virus; COVID19; COVID-19; DNA NUCLEIC ACID PROBE; DNA probe; ID; II; Infectious Disease; InfectiousDisease; LAT; LCR; Ligase chain reaction; Ligation-activated transcription; Lungs; Microbiology; NAA+probe; NAAT; NASBA; Nucleic acid sequence based analysis; Ordinal; PCR; Point in time; Polymerase chain reaction; PR; Probe amp; Probe with ampification; Probe with target amplification; QBR; QL; Qual; Qualitative; Random; RS; SARS Coronavirus 1; SARS-CoV; SARS-CoV-1; SARS-CoV-2; SARS-CoV-2 ORF1ab; Screen; SDA; Severe Acute Respiratory Syndrome; Spec; Strand Displacement Amplification; TMA; Transcription mediated amplification; Viral Pneumonias; Wuhan coronavirus,,naat
94565-9,SARS coronavirus 2 RNA,PrThr,Pt,Nph,Ord,Non-probe.amp.tar,MICRO,ACTIVE,SARS-CoV-2 (COVID-19) RNA [Presence] in Nasopharynx by NAA with non-probe detection,2019 Novel Coronavirus; 2019-nCoV; 3 Self-Sustaining Sequence Replication; 3SR SR; Amplif; Amplification; Amplified; Corona virus; COVID19; COVID-19; DNA NUCLEIC ACID PROBE; DNA probe; ID; II; Infectious Disease; InfectiousDisease; LAT; LCR; Ligase chain reaction; Ligation-activated transcription; Microbiology; NAA+non-probe; NAA+probe; NAAT; NASBA; Nasopharynx; Nucleic acid sequence based analysis; Ordinal; PCR; Point in time; Polymerase chain reaction; PR; Probe amp; Probe with ampification; Probe with target amplification; QBR; QL; Qual; Qualitative; Random; Ribonucleic acid; SARS Coronavirus 1; SARS-CoV; SARS-CoV-1; SARS-CoV-2; Screen; SDA; Severe Acute Respiratory Syndrome; Strand Displacement Amplification; TMA; Transcription mediated amplification; Viral Pneumonias; Wuhan coronavirus,,naat
94640-0,SARS coronavirus 2 S gene,PrThr,Pt,Respiratory System Specimen,Ord,Probe.amp.tar,MICRO,ACTIVE,SARS-CoV-2 (COVID-19) S gene [Presence] in Respiratory system specimen by NAA with probe detection,2019 Novel Coronavirus; 2019-nCoV; 3 Self-Sustaining Sequence Replication; 3SR SR; Amplif; Amplification; Amplified; Breathing; Corona virus; COVID19; COVID-19; DNA NUCLEIC ACID PROBE; DNA probe; ID; II; Infectious Disease; InfectiousDisease; LAT; LCR; Ligase chain reaction; Ligation-activated transcription; Lungs; Microbiology; NAA+probe; NAAT; NASBA; Nucleic acid sequence based analysis; Ordinal; PCR; Point in time; Polymerase chain reaction; PR; Probe amp; Probe with ampification; Probe with target amplification; QBR; QL; Qual; Qualitative; Random; RS; S prime; SARS Coronavirus 1; SARS-CoV; SARS-CoV-1; SARS-CoV-2; SARS-CoV-2 S gene; SARS-Related Coronavirus; Screen; SDA; Severe Acute Respiratory Syndrome; Spec; Strand Displacement Amplification; TMA; Transcription mediated amplification; Viral Pneumonias; Wuhan coronavirus,,naat
94756-4,SARS coronavirus 2 N gene,PrThr,Pt,Respiratory System Specimen,Ord,Probe.amp.tar.CDC primer-probe set N1,MICRO,ACTIVE,SARS-CoV-2 (COVID-19) N gene [Presence] in Respiratory system specimen by Nucleic acid amplification using CDC primer-probe set N1,2019 Novel Coronavirus; 2019-nCoV; 3 Self-Sustaining Sequence Replication; 3SR SR; Amplif; Amplification; Amplified; Breathing; Centers for Disease Control and Prevention; Corona virus; COVID19; COVID-19; DNA NUCLEIC ACID PROBE; DNA probe; ID; II; Infectious Disease; InfectiousDisease; LAT; LCR; Ligase chain reaction; Ligation-activated transcription; Lungs; Microbiology; NAA N1; NAA+probe; NAAT; NASBA; Nucleic acid sequence based analysis; Ordinal; PCR; Point in time; Polymerase chain reaction; PR; Probe amp; Probe with ampification; Probe with target amplification; QBR; QL; Qual; Qualitative; Random; RS; SARS Coronavirus 1; SARS-CoV; SARS-CoV-1; SARS-CoV-2; SARS-CoV-2 N gene; Screen; SDA; Severe Acute Respiratory Syndrome; Spec; Strand Displacement Amplification; TMA; Transcription mediated amplification; Viral Pneumonias; Wuhan coronavirus,,naat
94757-2,SARS coronavirus 2 N gene,PrThr,Pt,Respiratory System Specimen,Ord,Probe.amp.tar.CDC primer-probe set N2,MICRO,ACTIVE,SARS-CoV-2 (COVID-19) N gene [Presence] in Respiratory system specimen by Nucleic acid amplification using CDC primer-probe set N2,2019 Novel Coronavirus; 2019-nCoV; 3 Self-Sustaining Sequence Replication; 3SR SR; Amplif; Amplification; Amplified; Breathing; Centers for Disease Control and Prevention; Corona virus; COVID19; COVID-19; DNA NUCLEIC ACID PROBE; DNA probe; ID; II; Infectious Disease; InfectiousDisease; LAT; LCR; Ligase chain reaction; Ligation-activated transcription; Lungs; Microbiology; NAA N2; NAA+probe; NAAT; NASBA; Nucleic acid sequence based analysis; Ordinal; PCR; Point in time; Polymerase chain reaction; PR; Probe amp; Probe with ampification; Probe with target amplification; QBR; QL; Qual; Qualitative; Random; RS; SARS Coronavirus 1; SARS-CoV; SARS-CoV-1; SARS-CoV-2; SARS-CoV-2 N gene; Screen; SDA; Severe Acute Respiratory Syndrome; Spec; Strand Displacement Amplification; TMA; Transcription mediated amplification; Viral Pneumonias; Wuhan coronavirus,,naat
94758-0,SARS-related coronavirus E gene,PrThr,Pt,Respiratory System Specimen,Ord,Probe.amp.tar,MICRO,ACTIVE,SARS-related coronavirus E gene [Presence] in Respiratory system specimen by NAA with probe detection,3 Self-Sustaining Sequence Replication; 3SR SR; Amplif; Amplification; Amplified; Breathing; Corona virus; DNA NUCLEIC ACID PROBE; DNA probe; ID; Infectious Disease; InfectiousDisease; LAT; LCR; Ligase chain reaction; Ligation-activated transcription; Lungs; Microbiology; NAA+probe; NAAT; NASBA; Nucleic acid sequence based analysis; Ordinal; PCR; Point in time; Polymerase chain reaction; PR; Probe amp; Probe with ampification; Probe with target amplification; QBR; QL; Qual; Qualitative; Random; RS; SARSr-CoV; SARS-rel CoV E gene; Screen; SDA; Severe Acute Respiratory Syndrome; Spec; Strand Displacement Amplification; TMA; Transcription mediated amplification,,naat
94759-8,SARS coronavirus 2 RNA,PrThr,Pt,Nph,Ord,Probe.amp.tar,MICRO,ACTIVE,SARS-CoV-2 (COVID-19) RNA [Presence] in Nasopharynx by NAA with probe detection,2019 Novel Coronavirus; 2019-nCoV; 3 Self-Sustaining Sequence Replication; 3SR SR; Amplif; Amplification; Amplified; Corona virus; COVID19; COVID-19; DNA NUCLEIC ACID PROBE; DNA probe; ID; II; Infectious Disease; InfectiousDisease; LAT; LCR; Ligase chain reaction; Ligation-activated transcription; Microbiology; NAA+probe; NAAT; NASBA; Nasopharynx; Nucleic acid sequence based analysis; Ordinal; PCR; Point in time; Polymerase chain reaction; PR; Probe amp; Probe with ampification; Probe with target amplification; QBR; QL; Qual; Qualitative; Random; Ribonucleic acid; SARS Coronavirus 1; SARS-CoV; SARS-CoV-1; SARS-CoV-2; Screen; SDA; Severe Acute Respiratory Syndrome; Strand Displacement Amplification; TMA; Transcription mediated amplification; Viral Pneumonias; Wuhan coronavirus,,naat
94760-6,SARS coronavirus 2 N gene,PrThr,Pt,Nph,Ord,Probe.amp.tar,MICRO,ACTIVE,SARS-CoV-2 (COVID-19) N gene [Presence] in Nasopharynx by NAA with probe detection,2019 Novel Coronavirus; 2019-nCoV; 3 Self-Sustaining Sequence Replication; 3SR SR; Amplif; Amplification; Amplified; Corona virus; COVID19; COVID-19; DNA NUCLEIC ACID PROBE; DNA probe; ID; II; Infectious Disease; InfectiousDisease; LAT; LCR; Ligase chain reaction; Ligation-activated transcription; Microbiology; NAA+probe; NAAT; NASBA; Nasopharynx; Nucleic acid sequence based analysis; Ordinal; PCR; Point in time; Polymerase chain reaction; PR; Probe amp; Probe with ampification; Probe with target amplification; QBR; QL; Qual; Qualitative; Random; SARS Coronavirus 1; SARS-CoV; SARS-CoV-1; SARS-CoV-2; SARS-CoV-2 N gene; Screen; SDA; Severe Acute Respiratory Syndrome; Strand Displacement Amplification; TMA; Transcription mediated amplification; Viral Pneumonias; Wuhan coronavirus,,naat
94845-5,SARS coronavirus 2 RNA,PrThr,Pt,Saliva,Ord,Probe.amp.tar,MICRO,ACTIVE,SARS-CoV-2 (COVID-19) RNA [Presence] in Saliva (oral fluid) by NAA with probe detection,2019 Novel Coronavirus; 2019-nCoV; 3 Self-Sustaining Sequence Replication; 3SR SR; Amplif; Amplification; Amplified; Corona virus; COVID19; COVID-19; DNA NUCLEIC ACID PROBE; DNA probe; ID; II; Infectious Disease; InfectiousDisease; LAT; LCR; Ligase chain reaction; Ligation-activated transcription; Microbiology; NAA+probe; NAAT; NASBA; Nucleic acid sequence based analysis; Oral fluid; Ordinal; PCR; Point in time; Polymerase chain reaction; PR; Probe amp; Probe with ampification; Probe with target amplification; QBR; QL; Qual; Qualitative; Random; Ribonucleic acid; Sal; SARS Coronavirus 1; SARS-CoV; SARS-CoV-1; SARS-CoV-2; Screen; SDA; Severe Acute Respiratory Syndrome; Strand Displacement Amplification; TMA; Transcription mediated amplification; Viral Pneumonias; Wuhan coronavirus,,naat
95209-3,SARS coronavirus+SARS coronavirus 2 Ag,PrThr,Pt,Respiratory System Specimen,Ord,IA.rapid,MICRO,ACTIVE,SARS-CoV+SARS-CoV-2 (COVID-19) Ag [Presence] in Respiratory system specimen by Rapid immunoassay,2019 Novel Coronavirus; 2019-nCoV; Antigen; Antigens; Breathing; Corona virus; COVID19; COVID-19; EIA; ELFA; ELISA; Enzyme immunoassay; IAA; ID; II; Infectious Disease; InfectiousDisease; Lungs; MEIA; Microbiology; Ordinal; Point in time; PR; QL; Qual; Qualitative; Random; RS; SARS Coronavirus 1; SARS-CoV; SARS-CoV+SARS-CoV-2; SARS-CoV+SARS-CoV-2 Ag; SARS-CoV-1; SARS-CoV-2; Screen; Severe Acute Respiratory Syndrome; Spec; SUDS; Viral Pneumonias; Wuhan coronavirus,,antigen
95380-2,Influenza virus A & Influenza virus B & SARS coronavirus 2 & SARS-related coronavirus RNA panel,-,Pt,Respiratory System Specimen,-,Probe.amp.tar,PANEL.MICRO,ACTIVE,Influenza virus A and B and SARS-CoV-2 (COVID-19) and SARS-related CoV RNA panel - Respiratory system specimen by NAA with probe detection,2019 Novel Coronavirus; 2019-nCoV; 3 Self-Sustaining Sequence Replication; 3SR SR; Amplif; Amplification; Amplified; Avian influenza; Bird flu; Breathing; Corona virus; COVID19; COVID-19; DNA NUCLEIC ACID PROBE; DNA probe; FLUA; FLUABV + SARS-CoV-2; FLUABV+SARS-CoV-2+SARSr-CoV RNA pnl; FLUAV; FLUB; FLUBV; FLUV; Fowl plague; ID; II; Infectious Disease; InfectiousDisease; Influ; Influenza A; Influenza A virus; Influenza B; Influenza B virus; LAT; LCR; Ligase chain reaction; Ligation-activated transcription; Lungs; Microbiology; NAA+probe; NAAT; NASBA; Nucleic acid sequence based analysis; Pan; PANEL.MICROBIOLOGY; Panl; PCR; Pnl; Point in time; Polymerase chain reaction; Probe amp; Probe with ampification; Probe with target amplification; QBR; Random; Ribonucleic acid; RS; SARS Coronavirus 1; SARS-CoV; SARS-CoV-1; SARS-CoV-2; SARS-CoV-2+SARSr-CoV; SARS-CoV-2+SARSr-CoV RNA; SARS-CoV-2+SARSr-CoV RNA pnl; SARSr-CoV; SDA; Severe Acute Respiratory Syndrome; Spec; Strand Displacement Amplification; TMA; Transcription mediated amplification; Viral Pneumonias; Wuhan coronavirus,Panel,naat
95406-5,SARS coronavirus 2 RNA,PrThr,Pt,Nose,Ord,Probe.amp.tar,MICRO,ACTIVE,SARS-CoV-2 (COVID-19) RNA [Presence] in Nose by NAA with probe detection,2019 Novel Coronavirus; 2019-nCoV; 3 Self-Sustaining Sequence Replication; 3SR SR; Amplif; Amplification; Amplified; Corona virus; COVID19; COVID-19; DNA NUCLEIC ACID PROBE; DNA probe; ID; II; Infectious Disease; InfectiousDisease; LAT; LCR; Ligase chain reaction; Ligation-activated transcription; Microbiology; NAA+probe; NAAT; Nasal; NASBA; Nos; Nose (nasal passage); Nucleic acid sequence based analysis; Ordinal; PCR; PH; Point in time; Polymerase chain reaction; PR; Probe amp; Probe with ampification; Probe with target amplification; Public Health; PublicHealth; QBR; QL; Qual; Qualitative; Random; Ribonucleic acid; SARS Coronavirus 1; SARS-CoV; SARS-CoV-1; SARS-CoV-2; Screen; SDA; Severe Acute Respiratory Syndrome; Smell; Strand Displacement Amplification; TMA; Transcription mediated amplification; Viral Pneumonias; Wuhan coronavirus,,naat
95409-9,SARS coronavirus 2 N gene,PrThr,Pt,Nose,Ord,Probe.amp.tar,MICRO,ACTIVE,SARS-CoV-2 (COVID-19) N gene [Presence] in Nose by NAA with probe detection,2019 Novel Coronavirus; 2019-nCoV; 3 Self-Sustaining Sequence Replication; 3SR SR; Amplif; Amplification; Amplified; Corona virus; COVID19; COVID-19; DNA NUCLEIC ACID PROBE; DNA probe; ID; II; Infectious Disease; InfectiousDisease; LAT; LCR; Ligase chain reaction; Ligation-activated transcription; Microbiology; NAA+probe; NAAT; Nasal; NASBA; Nos; Nose (nasal passage); Nucleic acid sequence based analysis; Ordinal; PCR; Point in time; Polymerase chain reaction; PR; Probe amp; Probe with ampification; Probe with target amplification; QBR; QL; Qual; Qualitative; Random; SARS Coronavirus 1; SARS-CoV; SARS-CoV-1; SARS-CoV-2; SARS-CoV-2 N gene; Screen; SDA; Severe Acute Respiratory Syndrome; Smell; Strand Displacement Amplification; TMA; Transcription mediated amplification; Viral Pneumonias; Wuhan coronavirus,,naat
95422-2,Influenza virus A & Influenza virus B & SARS coronavirus 2 RNA panel,-,Pt,Respiratory System Specimen,-,Probe.amp.tar,PANEL.MICRO,ACTIVE,Influenza virus A and B and SARS-CoV-2 (COVID-19) RNA panel - Respiratory system specimen by NAA with probe detection,2019 Novel Coronavirus; 2019-nCoV; 3 Self-Sustaining Sequence Replication; 3SR SR; Amplif; Amplification; Amplified; Avian influenza; Bird flu; Breathing; Corona virus; COVID19; COVID-19; DNA NUCLEIC ACID PROBE; DNA probe; FLUA; FLUABV + SARS-CoV-2; FLUABV+SARS-CoV-2 RNA Pnl; FLUAV; FLUB; FLUBV; FLUV; Fowl plague; ID; II; Infectious Disease; InfectiousDisease; Influ; Influenza A; Influenza A virus; Influenza B; Influenza B virus; LAT; LCR; Ligase chain reaction; Ligation-activated transcription; Lungs; Microbiology; NAA+probe; NAAT; NASBA; Nucleic acid sequence based analysis; Pan; PANEL.MICROBIOLOGY; Panl; PCR; PH; Pnl; Point in time; Polymerase chain reaction; Probe amp; Probe with ampification; Probe with target amplification; Public Health; PublicHealth; QBR; Random; Ribonucleic acid; RS; SARS Coronavirus 1; SARS-CoV; SARS-CoV-1; SARS-CoV-2; SARS-CoV-2 RNA Pnl; SDA; Severe Acute Respiratory Syndrome; Spec; Strand Displacement Amplification; TMA; Transcription mediated amplification; Viral Pneumonias; Wuhan coronavirus,Panel,naat
95423-0,Influenza virus A & Influenza virus B & SARS coronavirus 2,Prid,Pt,Respiratory System Specimen,Nom,Probe.amp.tar,MICRO,ACTIVE,Influenza virus A and B and SARS-CoV-2 (COVID-19) identified in Respiratory system specimen by NAA with probe detection,2019 Novel Coronavirus; 2019-nCoV; 3 Self-Sustaining Sequence Replication; 3SR SR; Amplif; Amplification; Amplified; Avian influenza; Bird flu; Breathing; Corona virus; COVID19; COVID-19; DNA NUCLEIC ACID PROBE; DNA probe; FLUA; FLUABV + SARS-CoV-2; FLUAV; FLUB; FLUBV; FLUV; Fowl plague; ID; Identity or presence; II; Infectious Disease; InfectiousDisease; Influ; Influenza A; Influenza A virus; Influenza B; Influenza B virus; LAT; LCR; Ligase chain reaction; Ligation-activated transcription; Lungs; Microbiology; NAA+probe; NAAT; NASBA; Nominal; Nucleic acid sequence based analysis; PCR; PH; Point in time; Polymerase chain reaction; Probe amp; Probe with ampification; Probe with target amplification; Public Health; PublicHealth; QBR; Random; RS; SARS Coronavirus 1; SARS-CoV; SARS-CoV-1; SARS-CoV-2; SDA; Severe Acute Respiratory Syndrome; Spec; Strand Displacement Amplification; TMA; Transcription mediated amplification; Viral Pneumonias; Wuhan coronavirus,,naat
95425-5,SARS coronavirus 2 N gene,PrThr,Pt,Saliva,Ord,Probe.amp.tar,MICRO,ACTIVE,SARS-CoV-2 (COVID-19) N gene [Presence] in Saliva (oral fluid) by NAA with probe detection,2019 Novel Coronavirus; 2019-nCoV; 3 Self-Sustaining Sequence Replication; 3SR SR; Amplif; Amplification; Amplified; Corona virus; COVID19; COVID-19; DNA NUCLEIC ACID PROBE; DNA probe; ID; II; Infectious Disease; InfectiousDisease; LAT; LCR; Ligase chain reaction; Ligation-activated transcription; Microbiology; NAA+probe; NAAT; NASBA; Nucleic acid sequence based analysis; Oral fluid; Ordinal; PCR; PH; Point in time; Polymerase chain reaction; PR; Probe amp; Probe with ampification; Probe with target amplification; Public Health; PublicHealth; QBR; QL; Qual; Qualitative; Random; Sal; SARS Coronavirus 1; SARS-CoV; SARS-CoV-1; SARS-CoV-2; SARS-CoV-2 N gene; Screen; SDA; Severe Acute Respiratory Syndrome; Strand Displacement Amplification; TMA; Transcription mediated amplification; Viral Pneumonias; Wuhan coronavirus,,naat
95608-6,SARS coronavirus 2 RNA,PrThr,Pt,Respiratory System Specimen,Ord,Non-probe.amp.tar,MICRO,ACTIVE,SARS-CoV-2 (COVID-19) RNA [Presence] in Respiratory system specimen by NAA with non-probe detection,2019 Novel Coronavirus; 2019-nCoV; 3 Self-Sustaining Sequence Replication; 3SR SR; Amplif; Amplification; Amplified; Breathing; Corona virus; COVID19; COVID-19; DNA NUCLEIC ACID PROBE; DNA probe; ID; II; Infectious Disease; InfectiousDisease; LAT; LCR; Ligase chain reaction; Ligation-activated transcription; Lungs; Microbiology; NAA+non-probe; NAA+probe; NAAT; NASBA; Nucleic acid sequence based analysis; Ordinal; PCR; Point in time; Polymerase chain reaction; PR; Probe amp; Probe with ampification; Probe with target amplification; QBR; QL; Qual; Qualitative; Random; Ribonucleic acid; RS; SARS Coronavirus 1; SARS-CoV; SARS-CoV-1; SARS-CoV-2; Screen; SDA; Severe Acute Respiratory Syndrome; Spec; Strand Displacement Amplification; TMA; Transcription mediated amplification; Viral Pneumonias; Wuhan coronavirus,,naat
95826-4,SARS coronavirus 2 RNA panel,-,Pt,Saliva,-,Probe.amp.tar,PANEL.MICRO,ACTIVE,SARS-CoV-2 (COVID-19) RNA panel - Saliva (oral fluid) by NAA with probe detection,2019 Novel Coronavirus; 2019-nCoV; 3 Self-Sustaining Sequence Replication; 3SR SR; Amplif; Amplification; Amplified; Corona virus; COVID19; COVID-19; DNA NUCLEIC ACID PROBE; DNA probe; ID; II; Infectious Disease; InfectiousDisease; LAT; LCR; Ligase chain reaction; Ligation-activated transcription; Microbiology; NAA+probe; NAAT; NASBA; Nucleic acid sequence based analysis; Oral fluid; Pan; PANEL.MICROBIOLOGY; Panl; PCR; Pnl; Point in time; Polymerase chain reaction; Probe amp; Probe with ampification; Probe with target amplification; QBR; Random; Ribonucleic acid; Sal; SARS Coronavirus 1; SARS-CoV; SARS-CoV-1; SARS-CoV-2; SARS-CoV-2 RNA Pnl; SDA; Severe Acute Respiratory Syndrome; Strand Displacement Amplification; TMA; Transcription mediated amplification; Viral Pneumonias; Wuhan coronavirus,Panel,naat
95941-1,Influenza virus A & Influenza virus B & SARS coronavirus 2 & Respiratory syncytial virus RNA panel,-,Pt,Respiratory System Specimen,-,Probe.amp.tar,PANEL.MICRO,ACTIVE,Influenza virus A and B and SARS-CoV-2 (COVID-19) and Respiratory syncytial virus RNA panel - Respiratory system specimen by NAA with probe detection,2019 Novel Coronavirus; 2019-nCoV; 3 Self-Sustaining Sequence Replication; 3SR SR; Amplif; Amplification; Amplified; Avian influenza; Bird flu; Breathing; Corona virus; COVID19; COVID-19; DNA NUCLEIC ACID PROBE; DNA probe; FLUA; FLUABV + SARS-CoV-2; FLUABV+SARS-CoV-2+RSV RNA Pnl; FLUAV; FLUB; FLUBV; FLUV; Fowl plague; HRSV; ID; II; Infectious Disease; InfectiousDisease; Influ; Influenza A; Influenza A virus; Influenza B; Influenza B virus; LAT; LCR; Ligase chain reaction; Ligation-activated transcription; Lungs; Microbiology; NAA+probe; NAAT; NASBA; Nucleic acid sequence based analysis; Pan; PANEL.MICROBIOLOGY; Panl; PCR; Pnl; Point in time; Polymerase chain reaction; Probe amp; Probe with ampification; Probe with target amplification; QBR; Random; Ribonucleic acid; RS; RSV; SARS (COVID-2) + RSV; SARS Coronavirus 1; SARS-CoV; SARS-CoV-1; SARS-CoV-2; SDA; Severe Acute Respiratory Syndrome; Spec; Strand Displacement Amplification; TMA; Transcription mediated amplification; Viral Pneumonias; Wuhan coronavirus,Panel,naat
95942-9,Influenza virus A & Influenza virus B & SARS coronavirus+SARS coronavirus 2 Ag panel,-,Pt,Respiratory system specimen.upper,-,IA.rapid,PANEL.MICRO,ACTIVE,Influenza virus A and B and SARS-CoV+SARS-CoV-2 (COVID-19) Ag panel - Upper respiratory specimen by Rapid immunoassay,2019 Novel Coronavirus; 2019-nCoV; Avian influenza; Bird flu; Breathing; Corona virus; COVID19; COVID-19; EIA; ELFA; ELISA; Enzyme immunoassay; FLUA; FLUABV+SARS-CoV Ag Pnl; FLUAV; FLUB; FLUBV; FLUV; Fowl plague; IAA; ID; II; Infectious Disease; InfectiousDisease; Influ; Influenza A; Influenza A virus; Influenza B; Influenza B virus; Lungs; MEIA; Microbiology; Pan; PANEL.MICROBIOLOGY; Panl; Pnl; Point in time; Random; RS; SARS Coronavirus 1; SARS-CoV; SARS-CoV+SARS-CoV-2; SARS-CoV+SARS-CoV-2 Ag; SARS-CoV-1; SARS-CoV-2; Severe Acute Respiratory Syndrome; Spec; SUDS; Up; Upper resp; Viral Pneumonias; Wuhan coronavirus,Panel,antigen
96091-4,SARS coronavirus 2 RdRp gene,PrThr,Pt,Saliva,Ord,Probe.amp.tar,MICRO,ACTIVE,SARS-CoV-2 (COVID-19) RdRp gene [Presence] in Saliva (oral fluid) by NAA with probe detection,2019 Novel Coronavirus; 2019-nCoV; 3 Self-Sustaining Sequence Replication; 3SR SR; Amplif; Amplification; Amplified; Corona virus; COVID19; COVID-19; DNA NUCLEIC ACID PROBE; DNA probe; ID; II; Infectious Disease; InfectiousDisease; LAT; LCR; Ligase chain reaction; Ligation-activated transcription; Microbiology; NAA+probe; NAAT; NASBA; Nucleic acid sequence based analysis; Oral fluid; Ordinal; PCR; Point in time; Polymerase chain reaction; PR; Probe amp; Probe with ampification; Probe with target amplification; QBR; QL; Qual; Qualitative; Random; Sal; SARS Coronavirus 1; SARS-CoV; SARS-CoV-1; SARS-CoV-2; SARS-CoV-2 RdRp; Screen; SDA; Severe Acute Respiratory Syndrome; Strand Displacement Amplification; TMA; Transcription mediated amplification; Viral Pneumonias; Wuhan coronavirus,,naat
96119-3,SARS coronavirus 2 Ag,PrThr,Pt,Respiratory system specimen.upper,Ord,IA,MICRO,ACTIVE,SARS-CoV-2 (COVID-19) Ag [Presence] in Upper respiratory specimen by Immunoassay,2019 Novel Coronavirus; 2019-nCoV; Antigen; Antigens; Breathing; Corona virus; COVID19; COVID-19; EIA; ELFA; ELISA; Enzyme immunoassay; IAA; ID; II; Infectious Disease; InfectiousDisease; Lungs; MEIA; Microbiology; Ordinal; Point in time; PR; QL; Qual; Qualitative; Random; RS; SARS Coronavirus 1; SARS-CoV; SARS-CoV-1; SARS-CoV-2; Screen; Severe Acute Respiratory Syndrome; Spec; SUDS; Up; Upper resp; Viral Pneumonias; Wuhan coronavirus,,antigen
96122-7,SARS-related coronavirus E gene,PrThr,Pt,Respiratory system specimen.upper,Ord,Probe.amp.tar,MICRO,ACTIVE,SARS-related coronavirus E gene [Presence] in Upper respiratory specimen by NAA with probe detection,3 Self-Sustaining Sequence Replication; 3SR SR; Amplif; Amplification; Amplified; Breathing; Corona virus; DNA NUCLEIC ACID PROBE; DNA probe; ID; Infectious Disease; InfectiousDisease; LAT; LCR; Ligase chain reaction; Ligation-activated transcription; Lungs; Microbiology; NAA+probe; NAAT; NASBA; Nucleic acid sequence based analysis; Ordinal; PCR; Point in time; Polymerase chain reaction; PR; Probe amp; Probe with ampification; Probe with target amplification; QBR; QL; Qual; Qualitative; Random; RS; SARSr-CoV; SARS-rel CoV E gene; Screen; SDA; Severe Acute Respiratory Syndrome; Spec; Strand Displacement Amplification; TMA; Transcription mediated amplification; Up; Upper resp,,naat
96123-5,SARS coronavirus 2 RdRp gene,PrThr,Pt,Respiratory system specimen.upper,Ord,Probe.amp.tar,MICRO,ACTIVE,SARS-CoV-2 (COVID-19) RdRp gene [Presence] in Upper respiratory specimen by NAA with probe detection,2019 Novel Coronavirus; 2019-nCoV; 3 Self-Sustaining Sequence Replication; 3SR SR; Amplif; Amplification; Amplified; Breathing; Corona virus; COVID19; COVID-19; DNA NUCLEIC ACID PROBE; DNA probe; ID; II; Infectious Disease; InfectiousDisease; LAT; LCR; Ligase chain reaction; Ligation-activated transcription; Lungs; Microbiology; NAA+probe; NAAT; NASBA; Nucleic acid sequence based analysis; Ordinal; PCR; Point in time; Polymerase chain reaction; PR; Probe amp; Probe with ampification; Probe with target amplification; QBR; QL; Qual; Qualitative; Random; RS; SARS Coronavirus 1; SARS-CoV; SARS-CoV-1; SARS-CoV-2; SARS-CoV-2 RdRp; Screen; SDA; Severe Acute Respiratory Syndrome; Spec; Strand Displacement Amplification; TMA; Transcription mediated amplification; Up; Upper resp; Viral Pneumonias; Wuhan coronavirus,,naat
96448-6,SARS coronavirus 2 N gene,PrThr,Pt,Saliva,Ord,Probe.amp.tar.CDC primer-probe set N1,MICRO,ACTIVE,SARS-CoV-2 (COVID-19) N gene [Presence] in Saliva (oral fluid) by Nucleic acid amplification using CDC primer-probe set N1,2019 Novel Coronavirus; 2019-nCoV; 3 Self-Sustaining Sequence Replication; 3SR SR; Amplif; Amplification; Amplified; Centers for Disease Control and Prevention; Corona virus; COVID19; COVID-19; DNA NUCLEIC ACID PROBE; DNA probe; ID; II; Infectious Disease; InfectiousDisease; LAT; LCR; Ligase chain reaction; Ligation-activated transcription; Microbiology; NAA N1; NAA+probe; NAAT; NASBA; Nucleic acid sequence based analysis; Oral fluid; Ordinal; PCR; Point in time; Polymerase chain reaction; PR; Probe amp; Probe with ampification; Probe with target amplification; QBR; QL; Qual; Qualitative; Random; Sal; SARS Coronavirus 1; SARS-CoV; SARS-CoV-1; SARS-CoV-2; SARS-CoV-2 N gene; Screen; SDA; Severe Acute Respiratory Syndrome; Strand Displacement Amplification; TMA; Transcription mediated amplification; Viral Pneumonias; Wuhan coronavirus,,naat
96957-6,SARS coronavirus 2 M gene,PrThr,Pt,Respiratory system specimen.upper,Ord,Probe.amp.tar,MICRO,ACTIVE,SARS-CoV-2 (COVID-19) M gene [Presence] in Upper respiratory specimen by NAA with probe detection,2019 Novel Coronavirus; 2019-nCoV; 3 Self-Sustaining Sequence Replication; 3SR SR; Amplif; Amplification; Amplified; Breathing; Corona virus; COVID19; COVID-19; DNA NUCLEIC ACID PROBE; DNA probe; ID; II; Infectious Disease; InfectiousDisease; LAT; LCR; Ligase chain reaction; Ligation-activated transcription; Lungs; Microbiology; NAA+probe; NAAT; NASBA; Nucleic acid sequence based analysis; Ordinal; PCR; Point in time; Polymerase chain reaction; PR; Probe amp; Probe with ampification; Probe with target amplification; QBR; QL; Qual; Qualitative; Random; RS; SARS; SARS Coronavirus; SARS Coronavirus 1; SARS-CoV; SARS-CoV-1; SARS-CoV-2; SARS-CoV-2 M gene; SARS-CoV-2 strain; Screen; SDA; Severe Acute Respiratory Syndrome; Spec; Strand Displacement Amplification; TMA; Transcription mediated amplification; Up; Upper resp; Viral Pneumonias; Wuhan coronavirus,,naat
96986-5,SARS coronavirus 2 N gene,PrThr,Pt,Nose,Ord,Non-probe.amp.tar,MICRO,ACTIVE,SARS-CoV-2 (COVID-19) N gene [Presence] in Nose by NAA with non-probe detection,2019 Novel Coronavirus; 2019-nCoV; 3 Self-Sustaining Sequence Replication; 3SR SR; Amplif; Amplification; Amplified; Corona virus; COVID19; COVID-19; DNA NUCLEIC ACID PROBE; DNA probe; ID; II; Infectious Disease; InfectiousDisease; LAT; LCR; Ligase chain reaction; Ligation-activated transcription; Microbiology; NAA+non-probe; NAA+probe; NAAT; Nasal; NASBA; Nos; Nose (nasal passage); Nucleic acid sequence based analysis; Ordinal; PCR; Point in time; Polymerase chain reaction; PR; Probe amp; Probe with ampification; Probe with target amplification; QBR; QL; Qual; Qualitative; Random; SARS Coronavirus 1; SARS-CoV; SARS-CoV-1; SARS-CoV-2; SARS-CoV-2 N gene; Screen; SDA; Severe Acute Respiratory Syndrome; Smell; Strand Displacement Amplification; TMA; Transcription mediated amplification; Viral Pneumonias; Wuhan coronavirus,,naat
97097-0,SARS coronavirus 2 Ag,PrThr,Pt,Respiratory system specimen.upper,Ord,IA.rapid,MICRO,ACTIVE,SARS-CoV-2 (COVID-19) Ag [Presence] in Upper respiratory specimen by Rapid immunoassay,2019 Novel Coronavirus; 2019-nCoV; Antigen; Antigens; Breathing; Corona virus; COVID19; COVID-19; EIA; ELFA; ELISA; Enzyme immunoassay; IAA; ID; II; Infectious Disease; InfectiousDisease; Lungs; MEIA; Microbiology; Ordinal; Point in time; PR; QL; Qual; Qualitative; Random; RS; SARS Coronavirus 1; SARS-CoV; SARS-CoV-1; SARS-CoV-2; Screen; Severe Acute Respiratory Syndrome; Spec; SUDS; Up; Upper resp; Viral Pneumonias; Wuhan coronavirus,,antigen
97098-8,SARS coronavirus 2 Nsp2 gene,PrThr,Pt,Respiratory system specimen.upper,Ord,Probe.amp.tar,MICRO,ACTIVE,SARS-CoV-2 (COVID-19) Nsp2 gene [Presence] in Upper respiratory specimen by NAA with probe detection,2019 Novel Coronavirus; 2019-nCoV; 3 Self-Sustaining Sequence Replication; 3SR SR; Amplif; Amplification; Amplified; Breathing; Corona virus; COVID19; COVID-19; DNA NUCLEIC ACID PROBE; DNA probe; ID; II; Infectious Disease; InfectiousDisease; LAT; LCR; Ligase chain reaction; Ligation-activated transcription; Lungs; Microbiology; NAA+probe; NAAT; NASBA; Nucleic acid sequence based analysis; Ordinal; PCR; Point in time; Polymerase chain reaction; PR; Probe amp; Probe with ampification; Probe with target amplification; QBR; QL; Qual; Qualitative; Random; RS; SARS Coronavirus 1; SARS-CoV; SARS-CoV-1; SARS-CoV-2; SARS-CoV-2 Nsp2; Screen; SDA; Severe Acute Respiratory Syndrome; Spec; Strand Displacement Amplification; TMA; Transcription mediated amplification; Up; Upper resp; Viral Pneumonias; Wuhan coronavirus,,naat
97099-6,Influenza virus A & Influenza virus B & SARS coronavirus 2 Ag panel,-,Pt,Respiratory system specimen.upper,-,IA.rapid,PANEL.MICRO,ACTIVE,Influenza virus A and B and SARS-CoV-2 (COVID-19) Ag panel - Upper respiratory specimen by Rapid immunoassay,2019 Novel Coronavirus; 2019-nCoV; Avian influenza; Bird flu; Breathing; Corona virus; COVID19; COVID-19; EIA; ELFA; ELISA; Enzyme immunoassay; FLUA; FLUABV + SARS-CoV-2; FLUABV+SARS-CoV2 Ag Pnl; FLUAV; FLUB; FLUBV; FLUV; Fowl plague; IAA; ID; II; Infectious Disease; InfectiousDisease; Influ; Influenza A; Influenza A virus; Influenza B; Influenza B virus; Lungs; MEIA; Microbiology; Pan; PANEL.MICROBIOLOGY; Panl; Pnl; Point in time; Random; RS; SARS Coronavirus 1; SARS-CoV; SARS-CoV-1; SARS-CoV-2; Severe Acute Respiratory Syndrome; Spec; SUDS; Up; Upper resp; Viral Pneumonias; Wuhan coronavirus,Panel,antigen
97104-4,SARS coronavirus 2 ORF1ab region,ACnc,Pt,Respiratory system specimen.upper,Qn,Probe.amp.tar,MICRO,ACTIVE,SARS-CoV-2 (COVID-19) ORF1ab region [Units/volume] (viral load) in Upper respiratory specimen by NAA with probe detection,2019 Novel Coronavirus; 2019-nCoV; 3 Self-Sustaining Sequence Replication; 3SR SR; Amplif; Amplification; Amplified; Arbitrary concentration; Breathing; Corona virus; COVID19; COVID-19; DNA NUCLEIC ACID PROBE; DNA probe; ID; II; Infectious Disease; InfectiousDisease; LAT; LCR; Ligase chain reaction; Ligation-activated transcription; Lungs; Microbiology; NAA+probe; NAAT; NASBA; Nucleic acid sequence based analysis; PCR; PH; Point in time; Polymerase chain reaction; Probe amp; Probe with ampification; Probe with target amplification; Public Health; PublicHealth; QBR; QNT; Quan; Quant; Quantitative; Random; RS; SARS Coronavirus 1; SARS-CoV; SARS-CoV-1; SARS-CoV-2; SARS-CoV-2 ORF1ab; SDA; Severe Acute Respiratory Syndrome; Spec; Strand Displacement Amplification; TMA; Transcription mediated amplification; Up; Upper resp; Viral load; Viral Pneumonias; Wuhan coronavirus,,naat
98132-4,SARS coronavirus 2 ORF1a region,PrThr,Pt,Respiratory System Specimen,Ord,Probe.amp.tar,MICRO,ACTIVE,SARS-CoV-2 (COVID-19) ORF1a region [Presence] in Respiratory system specimen by NAA with probe detection,2019 Novel Coronavirus; 2019-nCoV; 3 Self-Sustaining Sequence Replication; 3SR SR; Amplif; Amplification; Amplified; Breathing; Corona virus; COVID19; COVID-19; DNA NUCLEIC ACID PROBE; DNA probe; ID; II; Infectious Disease; InfectiousDisease; LAT; LCR; Ligase chain reaction; Ligation-activated transcription; Lungs; Microbiology; NAA+probe; NAAT; NASBA; Nucleic acid sequence based analysis; Ordinal; PCR; PH; Point in time; Polymerase chain reaction; PR; Probe amp; Probe with ampification; Probe with target amplification; Public Health; PublicHealth; QBR; QL; Qual; Qualitative; Random; RS; SARS Coronavirus 1; SARS-CoV; SARS-CoV-1; SARS-CoV-2; SARS-CoV-2 ORF1a; Screen; SDA; Severe Acute Respiratory Syndrome; Spec; Strand Displacement Amplification; TMA; Transcription mediated amplification; Viral Pneumonias; Wuhan coronavirus,,naat
